member_id,full_name,dob,name_parts,id_type,id_number,branch,occupation,residence_country,pep_flag,onboard_method,kyc_complete,risk_band,created_at
M100000,Eric Reynolds,1979-04-10,Eric Reynolds,NATIONAL_ID,68670843,Nyeri,Doctor,SO,False,AGENT,True,LOW,2024-05-03 17:23:14
M100001,Amanda Perkins,1973-06-17,Amanda Perkins,NATIONAL_ID,41993426,Eldoret,Driver,SS,False,ONLINE,True,MEDIUM,2025-05-02 16:01:25
M100002,Mark Adams,1966-06-02,Mark Adams,PASSPORT,48627027,Mombasa,Teacher,SO,False,AGENT,True,LOW,2025-02-17 06:15:59
M100003,Robert Moore,1966-08-25,Robert Moore,NATIONAL_ID,69756019,Nairobi HQ,Teacher,YE,False,AGENT,True,LOW,2025-06-28 00:47:31
M100004,Thomas Arnold,1961-01-21,Thomas Arnold,PASSPORT,38273823,Nakuru,Farmer,PK,False,BRANCH,True,MEDIUM,2024-10-22 15:42:15
M100005,Aaron Wilkins,1971-10-30,Aaron Wilkins,PASSPORT,93928075,Nairobi HQ,Teacher,UG,False,ONLINE,True,LOW,2024-01-13 17:23:25
M100006,Mary Smith,1964-12-26,Mary Smith,NATIONAL_ID,16194876,Thika,Driver,PK,False,BRANCH,True,MEDIUM,2024-05-17 06:03:22
M100007,Stephen Poole,1964-07-17,Stephen Poole,NATIONAL_ID,98514057,Nyeri,Doctor,SO,False,BRANCH,True,MEDIUM,2025-03-03 23:01:18
M100008,Tricia Ward,1968-12-15,Tricia Ward,NATIONAL_ID,56427322,Nakuru,Driver,UG,False,ONLINE,True,LOW,2025-04-26 13:24:44
M100009,Heidi Hines,1977-05-30,Heidi Hines,PASSPORT,30159411,Nakuru,Trader,ET,False,ONLINE,True,LOW,2025-07-14 14:22:13
M100010,James Murray,1963-01-02,James Murray,NATIONAL_ID,43803071,Thika,Civil Servant,ET,False,ONLINE,True,LOW,2024-03-21 02:04:12
M100011,Courtney Reynolds,1993-06-28,Courtney Reynolds,NATIONAL_ID,84305558,Eldoret,Trader,SO,False,AGENT,True,LOW,2025-07-01 07:39:13
M100012,James Pierce,1965-11-05,James Pierce,NATIONAL_ID,95466855,Eldoret,Farmer,UG,False,AGENT,True,LOW,2024-04-17 15:34:40
M100013,John Cole,1961-06-06,John Cole,NATIONAL_ID,83462467,Eldoret,Consultant,SO,False,ONLINE,True,MEDIUM,2024-01-04 16:35:01
M100014,Nathan Wright,1956-04-26,Nathan Wright,PASSPORT,76042904,Kisumu,Civil Servant,SO,False,ONLINE,True,MEDIUM,2023-11-13 02:09:39
M100015,Christopher Douglas,1956-05-17,Christopher Douglas,NATIONAL_ID,21683833,Thika,Student,UG,False,AGENT,False,LOW,2025-02-19 23:14:37
M100016,Mary Larson,1986-02-26,Mary Larson,PASSPORT,91055688,Nyeri,Driver,KE,False,ONLINE,True,LOW,2025-03-30 04:53:52
M100017,Michael Rosales,1971-08-03,Michael Rosales,NATIONAL_ID,96651938,Eldoret,Trader,SS,False,BRANCH,True,LOW,2025-01-25 15:30:41
M100018,Matthew Weber,1966-10-31,Matthew Weber,PASSPORT,92303989,Eldoret,Farmer,ET,False,ONLINE,True,LOW,2025-09-08 18:04:07
M100019,Michaela Griffin,1960-09-19,Michaela Griffin,PASSPORT,52620442,Nairobi HQ,Doctor,UG,False,BRANCH,True,LOW,2025-05-30 18:48:51
M100020,Kevin Bell,1973-12-16,Kevin Bell,PASSPORT,41189880,Nakuru,Doctor,PK,False,AGENT,True,MEDIUM,2023-11-22 07:50:46
M100021,Sierra Esparza,1994-03-24,Sierra Esparza,PASSPORT,11576644,Mombasa,Farmer,ET,True,AGENT,True,LOW,2024-05-31 13:53:04
M100022,Gilbert Lawrence,1992-05-12,Gilbert Lawrence,PASSPORT,37940787,Nairobi HQ,Trader,SS,False,BRANCH,True,HIGH,2025-09-24 04:07:11
M100023,Barbara Clark,1988-07-11,Barbara Clark,NATIONAL_ID,11255201,Nairobi HQ,Civil Servant,SO,False,BRANCH,True,LOW,2025-02-06 18:13:51
M100024,Tony Perry,1959-12-07,Tony Perry,PASSPORT,39348599,Nairobi HQ,Consultant,SS,False,ONLINE,True,MEDIUM,2024-05-07 16:50:56
M100025,Juan Barnes,2000-08-05,Juan Barnes,NATIONAL_ID,84962479,Thika,Teacher,SO,False,BRANCH,True,LOW,2023-12-21 04:28:12
M100026,Diane Snyder,1957-02-12,Diane Snyder,PASSPORT,29252717,Nakuru,Teacher,SO,False,AGENT,True,MEDIUM,2025-01-22 09:53:01
M100027,Patrick Burns,2003-07-06,Patrick Burns,PASSPORT,16162803,Thika,Teacher,UG,False,ONLINE,True,LOW,2024-06-04 11:36:34
M100028,Dennis Flores,1960-10-08,Dennis Flores,NATIONAL_ID,83476664,Mombasa,Trader,TZ,False,AGENT,True,LOW,2025-04-20 08:05:26
M100029,Cynthia Dunn,1995-08-20,Cynthia Dunn,NATIONAL_ID,42499948,Nakuru,Student,SO,False,ONLINE,True,MEDIUM,2024-01-19 14:32:33
M100030,David Edwards,1977-01-09,David Edwards,PASSPORT,81179834,Nakuru,Consultant,UG,False,AGENT,True,LOW,2024-05-23 08:45:28
M100031,Kelly Green,1962-12-13,Kelly Green,NATIONAL_ID,18376600,Nakuru,Trader,UG,False,ONLINE,True,LOW,2024-07-14 16:09:18
M100032,Benjamin Hunt,2001-10-10,Benjamin Hunt,NATIONAL_ID,62747871,Nairobi HQ,Consultant,ET,False,BRANCH,True,LOW,2024-11-08 09:28:39
M100033,Ashley Morgan,1999-05-10,Ashley Morgan,PASSPORT,9276527,Nakuru,Civil Servant,ET,False,BRANCH,True,LOW,2024-09-06 15:00:09
M100034,Gina Miller,1984-09-09,Gina Miller,NATIONAL_ID,84272616,Thika,Farmer,PK,False,AGENT,False,LOW,2024-11-28 14:25:20
M100035,Kimberly Haley,1961-05-12,Kimberly Haley,NATIONAL_ID,23357188,Eldoret,Farmer,YE,False,BRANCH,True,HIGH,2025-03-14 11:02:49
M100036,Bryan Martinez,1988-07-19,Bryan Martinez,NATIONAL_ID,45586037,Eldoret,Trader,UG,False,AGENT,False,MEDIUM,2024-06-22 11:03:48
M100037,Lacey Alvarez,2006-07-19,Lacey Alvarez,PASSPORT,40278511,Nakuru,Driver,TZ,False,ONLINE,True,LOW,2023-12-24 16:17:23
M100038,Erin Salas,1972-09-23,Erin Salas,NATIONAL_ID,65386769,Nyeri,Teacher,SS,False,ONLINE,False,LOW,2024-01-18 17:33:11
M100039,Amber Jones,1959-11-10,Amber Jones,NATIONAL_ID,99961224,Eldoret,Civil Servant,SS,False,ONLINE,True,LOW,2024-04-17 07:45:27
M100040,Shelia Hill,1969-10-12,Shelia Hill,PASSPORT,31338727,Nyeri,Farmer,UG,False,ONLINE,True,LOW,2024-04-11 06:49:31
M100041,Derek Richardson,1969-11-05,Derek Richardson,NATIONAL_ID,32246929,Eldoret,Trader,UG,False,AGENT,True,LOW,2024-01-01 09:08:22
M100042,Philip Allen,2001-12-06,Philip Allen,PASSPORT,6108040,Eldoret,Driver,UG,False,BRANCH,True,LOW,2025-07-31 01:04:43
M100043,Ruben Alexander,1962-08-08,Ruben Alexander,PASSPORT,71373528,Mombasa,Civil Servant,KE,False,AGENT,False,LOW,2025-06-15 15:05:27
M100044,Anthony Wilson,2002-03-17,Anthony Wilson,PASSPORT,14249927,Kisumu,Farmer,KE,False,ONLINE,True,LOW,2024-12-28 04:04:28
M100045,David Brown,2007-05-04,David Brown,NATIONAL_ID,58958389,Nakuru,Civil Servant,ET,False,BRANCH,True,LOW,2024-08-24 00:00:29
M100046,Katrina Munoz,1966-09-29,Katrina Munoz,PASSPORT,60682503,Nyeri,Civil Servant,KE,False,ONLINE,True,LOW,2024-01-05 17:51:03
M100047,James Houston,1967-04-17,James Houston,PASSPORT,84521270,Nairobi HQ,Driver,UG,False,AGENT,True,LOW,2024-05-17 03:00:05
M100048,Katelyn Smith,1960-01-13,Katelyn Smith,NATIONAL_ID,70493698,Nakuru,Farmer,SS,False,ONLINE,True,MEDIUM,2025-10-06 19:13:33
M100049,Jasmine English,1979-07-05,Jasmine English,NATIONAL_ID,24695872,Eldoret,Driver,SO,False,BRANCH,True,LOW,2025-06-18 09:58:06
M100050,Kimberly Cabrera,1993-10-20,Kimberly Cabrera,NATIONAL_ID,12029114,Nyeri,Farmer,SO,False,ONLINE,False,LOW,2024-08-25 10:33:25
M100051,Allen Martinez,1996-12-14,Allen Martinez,NATIONAL_ID,9248900,Kisumu,Student,ET,False,ONLINE,True,MEDIUM,2024-01-19 04:29:52
M100052,Elizabeth Warren,1990-07-15,Elizabeth Warren,NATIONAL_ID,97555675,Thika,Teacher,SS,False,BRANCH,True,LOW,2024-07-12 09:52:27
M100053,Veronica Garcia,1999-08-28,Veronica Garcia,NATIONAL_ID,54560987,Thika,Student,SO,False,BRANCH,True,MEDIUM,2024-04-18 02:48:21
M100054,Jamie Hudson,1980-04-07,Jamie Hudson,NATIONAL_ID,54348849,Thika,Consultant,SO,False,BRANCH,True,LOW,2024-05-18 04:04:21
M100055,Sabrina Joseph,1974-04-05,Sabrina Joseph,NATIONAL_ID,4122375,Kisumu,Farmer,PK,False,AGENT,True,LOW,2024-12-02 09:51:32
M100056,Nicole Walters,1971-12-08,Nicole Walters,PASSPORT,51355315,Nairobi HQ,Farmer,UG,False,AGENT,True,MEDIUM,2024-04-26 19:41:57
M100057,Sabrina Hall,1991-11-24,Sabrina Hall,NATIONAL_ID,79240773,Kisumu,Student,PK,False,ONLINE,False,MEDIUM,2024-07-24 22:28:20
M100058,Meagan Smith,1963-09-02,Meagan Smith,NATIONAL_ID,68466735,Thika,Student,UG,False,BRANCH,True,LOW,2024-07-18 07:53:24
M100059,Danny Cook,1961-12-14,Danny Cook,PASSPORT,70663009,Kisumu,Student,TZ,False,ONLINE,True,MEDIUM,2024-05-23 01:14:34
M100060,Katherine Kim,1973-12-16,Katherine Kim,PASSPORT,45842301,Thika,Farmer,PK,False,BRANCH,True,LOW,2025-07-30 21:28:59
M100061,James Brown,1998-06-16,James Brown,NATIONAL_ID,86442635,Nakuru,Student,KE,False,BRANCH,True,LOW,2025-09-16 10:58:06
M100062,Michael Smith,1963-02-10,Michael Smith,PASSPORT,94580661,Thika,Teacher,ET,False,BRANCH,True,LOW,2023-11-13 14:38:47
M100063,Michael West,1971-04-05,Michael West,PASSPORT,45980694,Thika,Driver,KE,False,ONLINE,True,LOW,2024-10-30 11:19:57
M100064,Zachary English,1994-01-13,Zachary English,PASSPORT,31072988,Nakuru,Student,KE,False,AGENT,True,LOW,2024-07-29 20:28:02
M100065,Kristin Wilson,2005-03-17,Kristin Wilson,PASSPORT,20281472,Thika,Teacher,SO,False,BRANCH,True,HIGH,2024-05-30 03:32:59
M100066,Christopher Delgado,1999-02-02,Christopher Delgado,NATIONAL_ID,76526988,Thika,Teacher,SS,False,AGENT,False,LOW,2025-07-31 11:31:45
M100067,Amber Knight,1981-03-31,Amber Knight,PASSPORT,4465723,Eldoret,Civil Servant,YE,False,BRANCH,True,LOW,2025-05-01 19:39:03
M100068,Patrick Daniel,1977-10-21,Patrick Daniel,NATIONAL_ID,31529186,Nakuru,Trader,SO,False,BRANCH,True,MEDIUM,2024-05-21 23:12:15
M100069,Joseph Wright,1957-07-15,Joseph Wright,PASSPORT,51177752,Kisumu,Civil Servant,KE,False,BRANCH,True,LOW,2025-01-05 21:21:20
M100070,April Tran,1986-11-26,April Tran,PASSPORT,10948920,Kisumu,Farmer,ET,True,ONLINE,True,MEDIUM,2025-05-19 21:41:34
M100071,Brian Jones,1956-09-11,Brian Jones,PASSPORT,14369284,Thika,Teacher,KE,False,AGENT,True,LOW,2024-07-29 04:59:43
M100072,Heather Nolan,1991-07-22,Heather Nolan,NATIONAL_ID,56522627,Kisumu,Civil Servant,SO,False,BRANCH,True,LOW,2024-08-30 09:42:28
M100073,Jaclyn Solis,2002-11-06,Jaclyn Solis,NATIONAL_ID,21762434,Mombasa,Trader,SO,False,AGENT,True,MEDIUM,2025-05-21 05:06:53
M100074,Melissa Ellis,1965-08-10,Melissa Ellis,PASSPORT,60461832,Kisumu,Teacher,SS,False,BRANCH,True,LOW,2025-01-27 12:49:37
M100075,Monica Zimmerman,1972-11-23,Monica Zimmerman,PASSPORT,62013834,Nyeri,Doctor,UG,False,ONLINE,True,LOW,2024-03-01 22:04:44
M100076,Patrick Juarez,2002-01-17,Patrick Juarez,PASSPORT,1749175,Eldoret,Civil Servant,ET,False,AGENT,True,MEDIUM,2025-07-12 21:08:08
M100077,Randy Hall,1966-08-19,Randy Hall,PASSPORT,64329546,Eldoret,Student,PK,False,BRANCH,True,HIGH,2024-10-05 04:52:08
M100078,Angela Koch,1956-11-22,Angela Koch,NATIONAL_ID,23924735,Nairobi HQ,Trader,SO,False,ONLINE,True,LOW,2024-08-08 21:18:13
M100079,Yolanda Craig,1995-02-09,Yolanda Craig,NATIONAL_ID,26256823,Thika,Doctor,TZ,False,AGENT,True,HIGH,2024-03-14 13:02:59
M100080,Frank Kelly,1980-12-22,Frank Kelly,NATIONAL_ID,95887461,Nakuru,Trader,SO,False,BRANCH,True,LOW,2023-12-04 16:43:19
M100081,Kristen Hernandez,1998-01-02,Kristen Hernandez,NATIONAL_ID,64033258,Nairobi HQ,Driver,ET,False,BRANCH,True,MEDIUM,2024-09-28 17:12:41
M100082,Shane Aguilar,2006-06-22,Shane Aguilar,PASSPORT,47227138,Mombasa,Doctor,YE,False,AGENT,True,LOW,2025-02-26 22:01:10
M100083,William Garza,1980-07-01,William Garza,NATIONAL_ID,31005738,Eldoret,Farmer,PK,False,BRANCH,True,LOW,2025-07-17 17:58:29
M100084,Susan Espinoza,1965-08-28,Susan Espinoza,PASSPORT,41884864,Nairobi HQ,Consultant,UG,False,ONLINE,True,MEDIUM,2024-12-27 03:36:53
M100085,Ernest Hicks,1973-06-21,Ernest Hicks,NATIONAL_ID,69337172,Nyeri,Teacher,SS,False,ONLINE,True,LOW,2024-04-29 13:35:39
M100086,Thomas Gardner,1962-03-18,Thomas Gardner,NATIONAL_ID,54829992,Kisumu,Farmer,SO,False,BRANCH,True,LOW,2025-07-01 14:27:45
M100087,Daniel Kelly,1968-01-03,Daniel Kelly,NATIONAL_ID,99484204,Nakuru,Trader,SO,False,ONLINE,True,MEDIUM,2025-10-20 18:23:28
M100088,Justin Espinoza,1956-01-01,Justin Espinoza,PASSPORT,23803174,Kisumu,Consultant,SS,False,BRANCH,True,LOW,2024-12-04 00:34:19
M100089,Chad Rivera,2003-09-05,Chad Rivera,PASSPORT,83675849,Kisumu,Teacher,TZ,False,AGENT,False,LOW,2024-04-01 16:39:23
M100090,Ryan Anthony,1985-10-28,Ryan Anthony,NATIONAL_ID,90807140,Kisumu,Trader,YE,False,AGENT,True,LOW,2024-03-06 22:25:51
M100091,Andre Miller,1961-01-16,Andre Miller,NATIONAL_ID,46969177,Thika,Farmer,SS,False,AGENT,True,LOW,2024-04-06 22:03:33
M100092,Michael Garcia,1961-09-16,Michael Garcia,NATIONAL_ID,19390461,Nyeri,Driver,KE,False,ONLINE,True,LOW,2025-04-15 13:40:59
M100093,Christopher Orr,1998-07-14,Christopher Orr,PASSPORT,98591092,Kisumu,Student,TZ,False,BRANCH,True,LOW,2024-05-22 19:51:39
M100094,Sara Moses,1974-11-14,Sara Moses,NATIONAL_ID,21003888,Nakuru,Farmer,UG,False,AGENT,True,MEDIUM,2024-01-10 12:01:28
M100095,Brianna Gomez,1984-05-01,Brianna Gomez,NATIONAL_ID,85156956,Eldoret,Civil Servant,YE,False,AGENT,True,LOW,2023-12-19 01:50:56
M100096,Sean Young,1980-11-26,Sean Young,PASSPORT,83438921,Kisumu,Civil Servant,KE,False,AGENT,True,LOW,2025-06-15 02:41:51
M100097,Jeffrey Warner,2006-08-08,Jeffrey Warner,PASSPORT,62803417,Eldoret,Student,SO,False,ONLINE,True,LOW,2024-11-29 23:17:28
M100098,Shannon Smith,1992-04-02,Shannon Smith,NATIONAL_ID,86882462,Nakuru,Teacher,UG,False,AGENT,True,HIGH,2025-08-02 21:49:49
M100099,Donald Rodriguez,1979-10-20,Donald Rodriguez,NATIONAL_ID,61041506,Nakuru,Farmer,SS,False,ONLINE,False,MEDIUM,2024-01-19 01:36:23
M100100,Debbie Newton,1966-08-19,Debbie Newton,PASSPORT,88401339,Nyeri,Consultant,SO,False,AGENT,False,MEDIUM,2025-09-11 17:24:38
M100101,Whitney Barnes,1992-11-21,Whitney Barnes,PASSPORT,11847531,Thika,Consultant,UG,False,ONLINE,True,LOW,2024-07-01 19:58:45
M100102,Mary Foster,1960-07-29,Mary Foster,PASSPORT,1792616,Nairobi HQ,Driver,SO,False,ONLINE,True,MEDIUM,2024-07-23 10:08:26
M100103,John Navarro,1993-06-14,John Navarro,NATIONAL_ID,48790753,Nyeri,Driver,SO,False,BRANCH,True,LOW,2024-05-04 21:39:05
M100104,Brittany Harvey,1987-07-28,Brittany Harvey,PASSPORT,79234904,Kisumu,Teacher,PK,True,AGENT,True,LOW,2024-05-24 18:03:09
M100105,Julia Reilly,1955-11-03,Julia Reilly,NATIONAL_ID,58547371,Nakuru,Driver,UG,False,BRANCH,True,LOW,2024-04-18 07:30:39
M100106,Austin Chambers,1980-12-22,Austin Chambers,PASSPORT,8276497,Nakuru,Farmer,SS,False,AGENT,True,LOW,2024-05-16 13:54:35
M100107,Charles Richard,2006-01-29,Charles Richard,NATIONAL_ID,13351211,Thika,Civil Servant,SS,False,BRANCH,False,LOW,2025-06-30 01:08:08
M100108,David Massey,1958-10-01,David Massey,PASSPORT,81989678,Kisumu,Civil Servant,KE,False,BRANCH,True,LOW,2023-12-26 23:15:49
M100109,Matthew Smith,1965-11-10,Matthew Smith,NATIONAL_ID,7451564,Mombasa,Driver,PK,False,BRANCH,True,LOW,2024-11-18 12:01:32
M100110,Andre Hodges,1980-12-22,Andre Hodges,PASSPORT,61417666,Kisumu,Doctor,PK,False,BRANCH,False,LOW,2025-09-24 00:57:46
M100111,Michael Howard,1975-05-11,Michael Howard,PASSPORT,30575923,Nairobi HQ,Driver,SO,False,AGENT,True,LOW,2024-09-07 11:20:21
M100112,Brooke Burns,1992-11-24,Brooke Burns,NATIONAL_ID,18052887,Kisumu,Farmer,KE,False,AGENT,True,LOW,2024-03-18 03:27:34
M100113,Anna Gonzalez,1970-10-23,Anna Gonzalez,NATIONAL_ID,41408497,Thika,Student,SO,False,BRANCH,True,MEDIUM,2023-12-21 00:27:33
M100114,Travis Nunez,1971-05-02,Travis Nunez,NATIONAL_ID,88111953,Thika,Driver,UG,False,BRANCH,True,LOW,2025-01-01 19:26:47
M100115,Austin Zamora,1990-09-13,Austin Zamora,NATIONAL_ID,43287589,Nairobi HQ,Teacher,SO,False,ONLINE,True,LOW,2023-11-21 13:25:23
M100116,Laura Johnson,1984-05-09,Laura Johnson,NATIONAL_ID,46347833,Eldoret,Trader,SS,False,BRANCH,True,MEDIUM,2024-07-16 19:22:46
M100117,Thomas Miller,1959-10-29,Thomas Miller,PASSPORT,84922360,Nyeri,Driver,PK,False,ONLINE,True,MEDIUM,2025-02-19 15:52:37
M100118,Eric Mclean,2004-07-27,Eric Mclean,PASSPORT,13085053,Nairobi HQ,Student,UG,False,ONLINE,True,LOW,2025-08-12 19:51:02
M100119,Jennifer Pearson,1989-11-08,Jennifer Pearson,NATIONAL_ID,98434873,Eldoret,Doctor,SS,False,AGENT,True,LOW,2025-05-20 16:28:20
M100120,Jeffrey Christensen,1996-03-13,Jeffrey Christensen,NATIONAL_ID,39003410,Mombasa,Driver,PK,False,AGENT,True,LOW,2025-03-03 03:29:58
M100121,Molly Green,1998-02-09,Molly Green,PASSPORT,7360823,Thika,Student,KE,False,BRANCH,True,LOW,2024-12-01 08:26:49
M100122,Rodney Christian,1993-06-23,Rodney Christian,NATIONAL_ID,90388204,Mombasa,Civil Servant,SO,False,AGENT,True,LOW,2025-09-11 17:16:15
M100123,Victoria Monroe,1981-02-01,Victoria Monroe,PASSPORT,39259303,Nakuru,Driver,YE,False,AGENT,True,MEDIUM,2023-11-01 06:36:15
M100124,Melissa Clark,1968-05-08,Melissa Clark,PASSPORT,88786542,Nakuru,Driver,YE,False,ONLINE,True,LOW,2025-06-15 04:41:45
M100125,Kimberly Delgado,1963-06-17,Kimberly Delgado,PASSPORT,9489278,Kisumu,Driver,ET,False,AGENT,True,LOW,2024-11-01 22:29:27
M100126,Antonio Guzman,1987-11-17,Antonio Guzman,NATIONAL_ID,83289287,Nairobi HQ,Trader,YE,True,AGENT,True,LOW,2025-08-14 23:24:54
M100127,Alisha Weaver,1986-09-03,Alisha Weaver,NATIONAL_ID,35445635,Eldoret,Consultant,UG,False,AGENT,True,MEDIUM,2025-05-10 04:03:52
M100128,Micheal Ball,2002-01-21,Micheal Ball,PASSPORT,46724609,Mombasa,Driver,ET,False,ONLINE,True,LOW,2025-03-03 10:23:31
M100129,Kenneth Nichols,1978-09-20,Kenneth Nichols,NATIONAL_ID,48103503,Thika,Teacher,ET,False,BRANCH,True,LOW,2025-07-02 13:15:49
M100130,Judith Brown,1996-04-08,Judith Brown,NATIONAL_ID,70448248,Thika,Consultant,UG,False,AGENT,True,HIGH,2025-09-30 02:27:40
M100131,Beverly Serrano,2005-05-16,Beverly Serrano,PASSPORT,43756195,Kisumu,Civil Servant,TZ,False,AGENT,True,MEDIUM,2023-12-14 07:10:00
M100132,Lisa Flores,1968-03-26,Lisa Flores,NATIONAL_ID,3825654,Nakuru,Trader,SO,True,AGENT,True,MEDIUM,2025-04-10 17:58:13
M100133,Veronica Carter,1992-03-05,Veronica Carter,NATIONAL_ID,22687657,Thika,Student,ET,False,ONLINE,True,LOW,2025-07-07 01:11:52
M100134,Jessica Norris,1961-05-02,Jessica Norris,NATIONAL_ID,86449437,Mombasa,Consultant,TZ,False,ONLINE,True,MEDIUM,2024-01-18 19:46:07
M100135,Steven Valdez,1964-04-13,Steven Valdez,NATIONAL_ID,3485077,Nakuru,Civil Servant,SS,False,AGENT,True,LOW,2024-09-28 20:37:47
M100136,Heidi Robbins,1988-05-22,Heidi Robbins,PASSPORT,1337301,Nakuru,Teacher,UG,False,BRANCH,True,MEDIUM,2024-05-29 06:08:44
M100137,Crystal Terrell,1998-11-21,Crystal Terrell,PASSPORT,27560806,Nairobi HQ,Student,YE,False,ONLINE,True,LOW,2025-04-07 03:58:50
M100138,Kevin Clark,1976-12-26,Kevin Clark,NATIONAL_ID,46762653,Thika,Civil Servant,TZ,False,AGENT,True,LOW,2024-04-11 12:41:21
M100139,Bradley Hall,2007-08-30,Bradley Hall,NATIONAL_ID,24569417,Kisumu,Driver,ET,False,BRANCH,True,MEDIUM,2024-04-03 10:41:40
M100140,Kimberly Walters,2001-09-23,Kimberly Walters,NATIONAL_ID,68226176,Eldoret,Farmer,SO,False,ONLINE,False,HIGH,2024-07-01 10:24:00
M100141,Riley Martinez,2000-08-12,Riley Martinez,PASSPORT,71717036,Thika,Doctor,SS,False,BRANCH,False,LOW,2025-08-23 01:25:36
M100142,Timothy Mckay,2001-05-10,Timothy Mckay,NATIONAL_ID,52666758,Thika,Driver,SS,False,BRANCH,False,MEDIUM,2024-02-10 03:32:01
M100143,Corey Gamble,1984-10-13,Corey Gamble,PASSPORT,5546809,Nakuru,Civil Servant,PK,False,BRANCH,True,LOW,2024-07-26 05:24:36
M100144,Michael Campbell,1972-06-24,Michael Campbell,PASSPORT,38758156,Thika,Civil Servant,SS,False,BRANCH,True,LOW,2025-07-07 16:39:48
M100145,Aaron Flynn,1969-04-10,Aaron Flynn,NATIONAL_ID,17404166,Kisumu,Teacher,ET,False,ONLINE,True,MEDIUM,2025-05-19 23:12:38
M100146,Jennifer Horton,1987-09-18,Jennifer Horton,NATIONAL_ID,43844960,Thika,Trader,ET,False,BRANCH,True,MEDIUM,2023-11-22 13:35:18
M100147,Heather Gonzalez,1978-10-05,Heather Gonzalez,NATIONAL_ID,8897643,Nairobi HQ,Driver,PK,False,ONLINE,True,MEDIUM,2025-06-15 00:55:45
M100148,James Mendoza,1962-03-06,James Mendoza,PASSPORT,17795653,Thika,Doctor,SS,False,BRANCH,True,LOW,2024-07-11 17:23:13
M100149,Pamela Young,1990-06-13,Pamela Young,PASSPORT,6139927,Eldoret,Doctor,KE,False,ONLINE,True,MEDIUM,2025-02-01 12:19:30
M100150,Chris Cardenas,1991-08-06,Chris Cardenas,NATIONAL_ID,63188218,Thika,Civil Servant,SS,False,BRANCH,True,HIGH,2025-07-11 19:41:31
M100151,Nicole Peterson,1984-11-08,Nicole Peterson,PASSPORT,55407153,Mombasa,Consultant,PK,False,AGENT,True,LOW,2025-03-18 08:38:12
M100152,James Bailey,1986-02-13,James Bailey,PASSPORT,79920604,Nairobi HQ,Teacher,SO,False,AGENT,True,LOW,2023-12-25 03:31:05
M100153,Michael Thomas,1996-01-01,Michael Thomas,NATIONAL_ID,55838367,Nakuru,Trader,SO,False,AGENT,True,LOW,2024-05-28 13:29:00
M100154,Amy Olson,1969-09-26,Amy Olson,NATIONAL_ID,49764562,Kisumu,Farmer,PK,False,ONLINE,False,LOW,2025-05-23 05:48:43
M100155,Allison Mason,2003-03-29,Allison Mason,PASSPORT,76814214,Eldoret,Civil Servant,UG,False,AGENT,True,LOW,2025-09-02 22:21:58
M100156,Tony Pineda,1999-02-06,Tony Pineda,PASSPORT,8101469,Nyeri,Trader,UG,False,AGENT,True,MEDIUM,2023-11-03 10:46:16
M100157,John Allen,1972-07-19,John Allen,PASSPORT,42650183,Nyeri,Teacher,PK,False,ONLINE,True,LOW,2024-12-01 19:15:28
M100158,Steven Barron,2004-12-28,Steven Barron,NATIONAL_ID,52733503,Eldoret,Teacher,TZ,False,BRANCH,True,LOW,2024-10-20 11:52:15
M100159,Matthew Henry,2007-05-19,Matthew Henry,NATIONAL_ID,49250561,Nakuru,Student,UG,False,BRANCH,True,MEDIUM,2025-08-24 06:03:11
M100160,Stacy Sanders,2005-12-31,Stacy Sanders,PASSPORT,50277842,Nakuru,Teacher,UG,False,AGENT,True,LOW,2024-11-12 03:44:21
M100161,Michael Miller,1980-03-31,Michael Miller,PASSPORT,45388583,Nyeri,Teacher,ET,False,ONLINE,True,LOW,2025-07-24 18:16:39
M100162,Theresa Harris,1982-04-24,Theresa Harris,PASSPORT,7071079,Mombasa,Doctor,SS,False,ONLINE,True,LOW,2023-12-11 23:38:27
M100163,Sandra Wilson,1996-03-15,Sandra Wilson,NATIONAL_ID,29778647,Nakuru,Teacher,PK,False,BRANCH,False,MEDIUM,2025-09-30 17:53:31
M100164,Megan Meza,1994-03-30,Megan Meza,PASSPORT,34378730,Thika,Driver,TZ,False,AGENT,True,MEDIUM,2025-02-22 08:14:15
M100165,Christopher Weiss,1974-01-06,Christopher Weiss,PASSPORT,24908063,Nakuru,Teacher,KE,False,ONLINE,True,HIGH,2025-10-03 20:08:11
M100166,Kathy Stevenson,2007-04-19,Kathy Stevenson,PASSPORT,48485996,Mombasa,Trader,TZ,False,AGENT,True,LOW,2025-06-15 16:40:16
M100167,Patricia Greene,1975-02-13,Patricia Greene,PASSPORT,6781625,Nyeri,Consultant,ET,False,ONLINE,True,LOW,2025-05-11 08:43:15
M100168,Alexandra Ortega,2003-06-14,Alexandra Ortega,PASSPORT,21059855,Nairobi HQ,Trader,ET,False,BRANCH,True,LOW,2024-04-02 17:13:03
M100169,Anthony Zavala,2004-08-26,Anthony Zavala,PASSPORT,74940953,Nairobi HQ,Trader,PK,False,ONLINE,True,MEDIUM,2025-03-11 07:28:09
M100170,Juan Hodge,2004-04-13,Juan Hodge,NATIONAL_ID,56194990,Nyeri,Trader,SO,False,AGENT,True,LOW,2024-05-17 21:37:28
M100171,Alyssa Baldwin,1967-03-02,Alyssa Baldwin,PASSPORT,87403582,Mombasa,Doctor,PK,True,BRANCH,True,LOW,2025-03-19 21:46:17
M100172,Mark Williams,2000-03-31,Mark Williams,PASSPORT,86113827,Nyeri,Civil Servant,YE,False,BRANCH,True,LOW,2024-01-12 08:54:22
M100173,Dana Medina,1958-03-04,Dana Medina,PASSPORT,86504424,Mombasa,Student,YE,False,AGENT,True,MEDIUM,2024-10-24 00:28:38
M100174,Tamara Clarke,1982-03-12,Tamara Clarke,PASSPORT,80065931,Thika,Consultant,ET,False,ONLINE,True,LOW,2024-04-12 07:07:14
M100175,Austin Mitchell,1966-07-07,Austin Mitchell,PASSPORT,54496745,Nakuru,Farmer,ET,False,AGENT,True,LOW,2025-04-16 14:52:43
M100176,Mary Griffin,1971-10-08,Mary Griffin,NATIONAL_ID,67410987,Thika,Teacher,SS,False,ONLINE,True,LOW,2024-05-15 01:18:32
M100177,Laura Johnson,1997-11-03,Laura Johnson,NATIONAL_ID,88216886,Mombasa,Teacher,UG,False,AGENT,True,MEDIUM,2025-09-25 07:04:34
M100178,Jonathan Heath,1968-02-14,Jonathan Heath,NATIONAL_ID,11703326,Nyeri,Farmer,SS,False,ONLINE,True,LOW,2024-02-26 12:20:38
M100179,Christina Deleon,1963-12-16,Christina Deleon,PASSPORT,66080435,Eldoret,Driver,UG,False,ONLINE,True,MEDIUM,2024-11-07 15:57:25
M100180,Kevin Wood,1963-01-05,Kevin Wood,PASSPORT,87971350,Kisumu,Teacher,KE,False,BRANCH,True,MEDIUM,2025-02-08 23:16:01
M100181,John Singh,1959-05-27,John Singh,NATIONAL_ID,69557527,Nyeri,Trader,KE,False,AGENT,True,HIGH,2024-02-10 01:11:59
M100182,Mark Pena,1968-11-04,Mark Pena,NATIONAL_ID,15082937,Nakuru,Trader,UG,False,AGENT,True,LOW,2025-07-24 03:05:59
M100183,Jennifer Chapman,1957-10-09,Jennifer Chapman,NATIONAL_ID,49085751,Eldoret,Student,SS,False,BRANCH,True,LOW,2024-07-23 15:32:33
M100184,Susan Giles,2003-03-26,Susan Giles,NATIONAL_ID,51733077,Kisumu,Student,YE,False,BRANCH,True,MEDIUM,2025-07-28 10:09:32
M100185,Michelle Gonzalez,1980-01-13,Michelle Gonzalez,PASSPORT,20620898,Mombasa,Trader,SS,False,BRANCH,True,LOW,2025-09-27 15:10:42
M100186,Jasmine Phillips,2003-03-17,Jasmine Phillips,NATIONAL_ID,32905753,Mombasa,Doctor,YE,False,ONLINE,True,MEDIUM,2024-05-16 21:33:15
M100187,Stephen Mclean,1971-12-06,Stephen Mclean,NATIONAL_ID,57536868,Eldoret,Student,YE,False,BRANCH,True,LOW,2024-03-25 00:51:12
M100188,Juan Bailey,1972-01-31,Juan Bailey,PASSPORT,84285428,Mombasa,Driver,SO,False,BRANCH,True,LOW,2025-03-04 21:41:15
M100189,Joshua Davis,2002-11-12,Joshua Davis,PASSPORT,3029918,Mombasa,Civil Servant,ET,False,AGENT,True,MEDIUM,2024-07-21 19:37:34
M100190,Helen Bishop,1982-12-28,Helen Bishop,NATIONAL_ID,5779990,Kisumu,Doctor,PK,False,ONLINE,True,LOW,2025-04-29 19:40:02
M100191,Charles Friedman,1971-11-17,Charles Friedman,PASSPORT,28381245,Nakuru,Farmer,SO,True,AGENT,True,LOW,2025-06-17 16:04:47
M100192,Eric Kane,1964-02-17,Eric Kane,NATIONAL_ID,77669911,Kisumu,Doctor,KE,False,ONLINE,True,LOW,2024-07-13 15:42:56
M100193,Robert Juarez,1986-02-21,Robert Juarez,NATIONAL_ID,87603628,Eldoret,Trader,TZ,False,ONLINE,True,LOW,2025-05-07 20:52:18
M100194,Traci Evans,1971-09-05,Traci Evans,PASSPORT,67639203,Nyeri,Driver,UG,False,BRANCH,True,LOW,2024-03-31 21:25:14
M100195,Brenda Ramirez,1983-01-05,Brenda Ramirez,NATIONAL_ID,69433588,Nakuru,Doctor,KE,False,AGENT,False,LOW,2023-12-09 22:16:45
M100196,Jose Roth,1969-03-24,Jose Roth,NATIONAL_ID,94168590,Kisumu,Student,YE,False,BRANCH,False,HIGH,2025-09-23 16:40:02
M100197,James Scott,1957-08-12,James Scott,PASSPORT,40125579,Nyeri,Student,UG,False,ONLINE,True,LOW,2024-04-25 01:49:58
M100198,Caroline Dorsey,2002-03-02,Caroline Dorsey,NATIONAL_ID,68930256,Nairobi HQ,Civil Servant,UG,False,BRANCH,True,MEDIUM,2025-05-08 00:58:48
M100199,Melissa Carter,1959-12-18,Melissa Carter,NATIONAL_ID,20402335,Nyeri,Trader,TZ,False,ONLINE,True,LOW,2024-07-08 02:18:01
M100200,Barbara Maddox,1965-09-12,Barbara Maddox,PASSPORT,55133655,Thika,Farmer,KE,False,AGENT,True,MEDIUM,2024-01-14 09:59:23
M100201,Max Grant,1995-11-30,Max Grant,PASSPORT,31101382,Thika,Trader,UG,False,ONLINE,True,LOW,2024-06-12 16:33:08
M100202,Judy Smith,1992-02-15,Judy Smith,NATIONAL_ID,52114105,Eldoret,Consultant,ET,False,AGENT,True,MEDIUM,2024-11-09 02:29:37
M100203,Richard Scott,1971-08-17,Richard Scott,NATIONAL_ID,11151501,Eldoret,Farmer,SO,False,AGENT,True,LOW,2025-02-05 11:13:05
M100204,Lance Patterson,1962-09-30,Lance Patterson,NATIONAL_ID,87353770,Eldoret,Civil Servant,SS,False,BRANCH,True,LOW,2025-08-31 20:35:00
M100205,Curtis Schneider,1992-04-03,Curtis Schneider,PASSPORT,38895314,Mombasa,Farmer,PK,False,BRANCH,True,MEDIUM,2025-08-21 16:59:05
M100206,David Sullivan,1978-02-06,David Sullivan,NATIONAL_ID,43730911,Kisumu,Student,ET,False,AGENT,True,HIGH,2025-09-04 20:59:54
M100207,Holly Herrera,1994-01-02,Holly Herrera,NATIONAL_ID,19238630,Eldoret,Consultant,TZ,False,BRANCH,True,LOW,2025-07-25 19:10:32
M100208,Roberta Green,1965-04-21,Roberta Green,NATIONAL_ID,66950619,Thika,Trader,PK,False,ONLINE,True,LOW,2024-12-25 10:04:54
M100209,Timothy Williams,1963-09-29,Timothy Williams,PASSPORT,50645006,Nyeri,Farmer,ET,False,BRANCH,True,LOW,2024-10-24 06:01:24
M100210,Jacob Cunningham,1963-01-19,Jacob Cunningham,NATIONAL_ID,82356975,Mombasa,Student,YE,False,ONLINE,True,LOW,2024-04-01 06:02:59
M100211,Tanner Eaton,1990-11-09,Tanner Eaton,PASSPORT,20659921,Nairobi HQ,Trader,TZ,False,BRANCH,True,MEDIUM,2025-04-24 17:33:24
M100212,James Richards,2004-10-03,James Richards,NATIONAL_ID,51307259,Nakuru,Teacher,SO,False,BRANCH,True,MEDIUM,2024-02-09 20:58:10
M100213,Robert Turner,1973-02-17,Robert Turner,PASSPORT,76930428,Eldoret,Trader,PK,False,BRANCH,True,MEDIUM,2024-04-14 10:58:46
M100214,Jason Anderson,1956-12-23,Jason Anderson,PASSPORT,91127382,Nairobi HQ,Driver,YE,False,BRANCH,True,HIGH,2025-09-06 03:16:59
M100215,Justin Rivera,1996-08-03,Justin Rivera,NATIONAL_ID,85082144,Nakuru,Farmer,KE,True,AGENT,True,LOW,2024-01-04 17:23:54
M100216,Randy Oneill,1968-05-17,Randy Oneill,NATIONAL_ID,6452695,Kisumu,Consultant,PK,False,BRANCH,True,MEDIUM,2025-07-23 07:18:58
M100217,Joseph Walker,1987-12-01,Joseph Walker,PASSPORT,27947321,Nyeri,Driver,KE,False,AGENT,False,MEDIUM,2024-01-06 09:40:09
M100218,Morgan Warren,1998-10-23,Morgan Warren,NATIONAL_ID,39488479,Mombasa,Doctor,SS,False,AGENT,True,LOW,2025-09-03 14:34:11
M100219,Kevin Warren,1994-07-09,Kevin Warren,PASSPORT,79913249,Nakuru,Student,KE,False,AGENT,True,LOW,2024-03-30 12:05:20
M100220,Joshua James,1975-01-08,Joshua James,PASSPORT,13665273,Nyeri,Doctor,YE,False,ONLINE,False,LOW,2025-03-14 10:40:00
M100221,Wendy Lewis,1973-04-27,Wendy Lewis,NATIONAL_ID,96806023,Nakuru,Consultant,ET,False,AGENT,True,LOW,2024-10-27 14:16:08
M100222,Casey Jones,1983-12-10,Casey Jones,PASSPORT,88427639,Nairobi HQ,Teacher,ET,False,BRANCH,True,MEDIUM,2024-04-24 20:40:56
M100223,Kimberly Brooks,1969-09-20,Kimberly Brooks,PASSPORT,42338603,Thika,Teacher,TZ,False,BRANCH,True,LOW,2024-09-18 17:21:10
M100224,Jeffrey Hudson,1971-07-19,Jeffrey Hudson,NATIONAL_ID,59279576,Nyeri,Driver,TZ,False,AGENT,True,MEDIUM,2024-06-17 14:36:58
M100225,Michael Deleon,1971-09-17,Michael Deleon,NATIONAL_ID,64236259,Kisumu,Doctor,SS,True,AGENT,True,LOW,2023-12-20 03:08:15
M100226,William Mckinney,1970-09-21,William Mckinney,PASSPORT,66813716,Thika,Doctor,SO,False,ONLINE,True,LOW,2024-10-24 09:50:32
M100227,Sue Oliver,1977-05-08,Sue Oliver,PASSPORT,93881328,Eldoret,Doctor,ET,False,AGENT,True,MEDIUM,2024-05-30 01:31:57
M100228,Brandi Stevens,1993-03-14,Brandi Stevens,NATIONAL_ID,86489320,Nyeri,Civil Servant,ET,False,AGENT,True,MEDIUM,2024-08-25 04:09:44
M100229,Robert Johnson,2006-09-28,Robert Johnson,PASSPORT,59614128,Nyeri,Trader,YE,False,BRANCH,True,LOW,2024-06-13 13:17:10
M100230,James Huynh,1999-05-26,James Huynh,PASSPORT,41870856,Mombasa,Trader,PK,False,BRANCH,True,LOW,2025-06-21 04:29:01
M100231,Sean Schmidt,1971-02-06,Sean Schmidt,PASSPORT,20493198,Nakuru,Doctor,UG,False,AGENT,True,MEDIUM,2025-07-05 22:24:32
M100232,Julie Carroll,1959-06-12,Julie Carroll,NATIONAL_ID,81681243,Nyeri,Trader,UG,False,ONLINE,True,HIGH,2023-10-28 07:43:47
M100233,Crystal Ortiz,1988-06-16,Crystal Ortiz,PASSPORT,71546707,Eldoret,Driver,KE,False,BRANCH,True,MEDIUM,2024-07-16 09:32:46
M100234,Christopher Wells,1975-01-14,Christopher Wells,PASSPORT,38185990,Thika,Trader,ET,False,ONLINE,True,LOW,2025-02-15 19:33:26
M100235,Jack Clark,1964-05-16,Jack Clark,NATIONAL_ID,8474273,Thika,Trader,SS,False,ONLINE,False,HIGH,2025-10-04 16:22:14
M100236,Christina Klein,2000-12-05,Christina Klein,NATIONAL_ID,20512233,Nakuru,Driver,KE,False,BRANCH,True,HIGH,2024-10-15 19:47:08
M100237,Christian Jones,1980-05-13,Christian Jones,PASSPORT,89035024,Kisumu,Doctor,YE,False,ONLINE,True,LOW,2025-07-22 03:57:36
M100238,Christopher Woods,1965-05-22,Christopher Woods,NATIONAL_ID,55837881,Nairobi HQ,Consultant,SS,False,ONLINE,True,LOW,2024-11-16 17:23:20
M100239,Jermaine Gibson,1962-08-21,Jermaine Gibson,NATIONAL_ID,28996285,Nakuru,Driver,KE,True,AGENT,True,LOW,2024-12-27 06:46:56
M100240,Raymond Martinez,1973-03-26,Raymond Martinez,NATIONAL_ID,3059308,Nyeri,Driver,UG,False,ONLINE,True,LOW,2023-11-21 06:36:45
M100241,Tyler Jones,1983-08-27,Tyler Jones,NATIONAL_ID,59693909,Mombasa,Consultant,UG,False,AGENT,False,LOW,2024-10-25 15:34:01
M100242,Mary Wade,1962-10-18,Mary Wade,NATIONAL_ID,74190101,Thika,Trader,TZ,False,AGENT,True,MEDIUM,2025-03-07 16:57:49
M100243,Mary Kramer,1986-11-30,Mary Kramer,NATIONAL_ID,27640545,Nairobi HQ,Teacher,PK,False,ONLINE,True,MEDIUM,2024-10-06 12:51:32
M100244,Rhonda Martin,1980-04-27,Rhonda Martin,PASSPORT,20155596,Mombasa,Farmer,KE,False,ONLINE,True,MEDIUM,2024-04-13 16:55:52
M100245,Adam Anderson,1972-06-15,Adam Anderson,NATIONAL_ID,89073553,Nyeri,Consultant,SS,False,AGENT,True,LOW,2024-04-10 23:54:48
M100246,Angela Jones,1977-10-29,Angela Jones,PASSPORT,57338306,Thika,Consultant,KE,False,BRANCH,True,LOW,2024-09-26 11:03:52
M100247,Steven Fletcher,1987-12-31,Steven Fletcher,NATIONAL_ID,1924856,Nakuru,Trader,KE,False,BRANCH,True,LOW,2024-06-26 06:28:52
M100248,Cynthia Jackson,1978-09-15,Cynthia Jackson,PASSPORT,58465841,Thika,Farmer,UG,False,ONLINE,True,MEDIUM,2025-06-09 22:31:19
M100249,Benjamin Reynolds,1968-05-21,Benjamin Reynolds,PASSPORT,69312588,Mombasa,Student,KE,False,ONLINE,True,LOW,2023-12-26 18:58:05
M100250,Jacob Nelson,1957-02-26,Jacob Nelson,NATIONAL_ID,44510888,Eldoret,Driver,ET,False,AGENT,True,LOW,2025-10-26 08:17:45
M100251,Maria Garcia,1979-02-26,Maria Garcia,PASSPORT,10262178,Kisumu,Civil Servant,SS,False,AGENT,True,LOW,2024-11-21 02:00:30
M100252,Jennifer Brown,1996-12-31,Jennifer Brown,PASSPORT,69490451,Nairobi HQ,Teacher,TZ,False,AGENT,True,MEDIUM,2024-09-21 03:10:19
M100253,Jennifer Day,1986-01-23,Jennifer Day,NATIONAL_ID,5128525,Thika,Driver,KE,False,BRANCH,False,MEDIUM,2024-08-06 20:09:24
M100254,Joy Sheppard,1992-12-24,Joy Sheppard,NATIONAL_ID,63338321,Mombasa,Driver,ET,False,ONLINE,False,MEDIUM,2024-10-24 13:38:12
M100255,Susan Santana,1988-03-19,Susan Santana,NATIONAL_ID,61106180,Mombasa,Consultant,UG,False,BRANCH,True,LOW,2025-08-30 19:41:43
M100256,Curtis Johnson,1992-08-23,Curtis Johnson,PASSPORT,22776881,Nyeri,Trader,PK,False,ONLINE,True,MEDIUM,2024-01-18 19:13:11
M100257,James Castaneda,1960-12-25,James Castaneda,NATIONAL_ID,14381764,Eldoret,Trader,PK,False,ONLINE,True,LOW,2025-05-21 06:00:17
M100258,Matthew Pittman,1963-06-17,Matthew Pittman,NATIONAL_ID,22136420,Nakuru,Driver,TZ,True,ONLINE,True,LOW,2024-07-25 15:09:14
M100259,David Patterson,1959-02-03,David Patterson,PASSPORT,8185153,Nakuru,Trader,TZ,False,AGENT,True,LOW,2024-12-29 04:23:54
M100260,Debra Kim,2001-05-20,Debra Kim,PASSPORT,8782466,Nairobi HQ,Student,TZ,False,BRANCH,False,LOW,2025-01-22 08:01:56
M100261,Rachel Sanders,1973-02-19,Rachel Sanders,NATIONAL_ID,80792391,Nairobi HQ,Driver,YE,False,AGENT,True,LOW,2025-09-11 07:38:43
M100262,Brandon Black,1972-04-14,Brandon Black,NATIONAL_ID,95416550,Eldoret,Civil Servant,PK,False,BRANCH,True,LOW,2025-05-11 04:09:07
M100263,Jesse Johnson,1958-06-11,Jesse Johnson,NATIONAL_ID,46757728,Nairobi HQ,Civil Servant,UG,False,AGENT,True,MEDIUM,2025-06-06 18:37:47
M100264,Samantha Martin,1967-01-16,Samantha Martin,NATIONAL_ID,83011066,Nyeri,Doctor,TZ,True,BRANCH,True,LOW,2024-04-22 15:07:45
M100265,Kenneth Mitchell,2004-02-19,Kenneth Mitchell,PASSPORT,47152641,Eldoret,Student,ET,False,BRANCH,True,MEDIUM,2024-03-24 01:03:49
M100266,Brent Williams,1970-03-21,Brent Williams,PASSPORT,42760185,Kisumu,Student,SO,True,AGENT,True,LOW,2024-11-09 22:03:54
M100267,Teresa Walker,2004-02-02,Teresa Walker,NATIONAL_ID,16300186,Nairobi HQ,Trader,PK,False,AGENT,True,LOW,2024-12-27 20:05:30
M100268,Katherine Ramirez,1966-11-22,Katherine Ramirez,NATIONAL_ID,5857078,Eldoret,Doctor,YE,False,BRANCH,True,LOW,2025-04-04 11:28:44
M100269,Andrea Bowen,1982-04-13,Andrea Bowen,NATIONAL_ID,61417310,Eldoret,Teacher,SS,False,ONLINE,True,MEDIUM,2024-10-14 14:29:21
M100270,Chris Parker,1998-11-28,Chris Parker,NATIONAL_ID,4283199,Eldoret,Student,UG,True,ONLINE,True,MEDIUM,2025-09-12 07:07:43
M100271,James Davis,1962-08-25,James Davis,NATIONAL_ID,23531584,Thika,Consultant,UG,True,ONLINE,True,HIGH,2024-10-31 12:17:33
M100272,Steven Smith,1997-05-22,Steven Smith,PASSPORT,46522800,Nakuru,Driver,TZ,False,BRANCH,True,HIGH,2025-10-09 00:19:18
M100273,Bryan Roy,1994-08-01,Bryan Roy,NATIONAL_ID,24440004,Nakuru,Driver,ET,False,AGENT,True,LOW,2025-09-16 06:29:07
M100274,Sarah Graves,1963-03-31,Sarah Graves,NATIONAL_ID,57004584,Kisumu,Doctor,SO,False,AGENT,True,LOW,2024-03-03 13:42:17
M100275,Mark Hines,1986-06-09,Mark Hines,NATIONAL_ID,77666025,Nairobi HQ,Consultant,KE,False,AGENT,True,HIGH,2024-02-01 05:19:55
M100276,Ryan Buchanan,1992-11-10,Ryan Buchanan,NATIONAL_ID,46658256,Mombasa,Farmer,ET,False,BRANCH,True,LOW,2023-11-25 02:12:50
M100277,Michael Young,1982-04-12,Michael Young,NATIONAL_ID,23378048,Kisumu,Doctor,ET,False,BRANCH,True,LOW,2024-09-07 09:23:20
M100278,Denise Miranda,1957-12-19,Denise Miranda,PASSPORT,83221895,Kisumu,Teacher,YE,False,ONLINE,True,LOW,2025-01-27 13:41:30
M100279,Miranda Contreras,1959-04-09,Miranda Contreras,PASSPORT,39872352,Nakuru,Consultant,PK,False,AGENT,True,MEDIUM,2024-06-14 15:37:20
M100280,Michelle Martinez,2001-03-22,Michelle Martinez,NATIONAL_ID,45758096,Nairobi HQ,Driver,SS,False,ONLINE,True,LOW,2025-08-22 16:11:07
M100281,Laura Drake,1996-09-27,Laura Drake,NATIONAL_ID,57071190,Nairobi HQ,Trader,SO,False,AGENT,True,MEDIUM,2024-02-17 13:10:21
M100282,Rebecca Figueroa,1974-11-12,Rebecca Figueroa,NATIONAL_ID,73957227,Eldoret,Consultant,SO,False,AGENT,True,MEDIUM,2024-08-18 04:31:39
M100283,Tyler Sloan,1988-05-02,Tyler Sloan,NATIONAL_ID,763980,Eldoret,Consultant,YE,False,ONLINE,True,LOW,2025-08-31 20:52:54
M100284,Adrienne Jordan,1975-01-22,Adrienne Jordan,PASSPORT,56974152,Nyeri,Doctor,SS,False,AGENT,True,LOW,2025-04-17 10:09:52
M100285,Shawn Stevens,2002-01-10,Shawn Stevens,PASSPORT,3691181,Kisumu,Teacher,YE,False,BRANCH,True,HIGH,2024-09-06 18:14:03
M100286,Susan Barrett,1976-11-02,Susan Barrett,PASSPORT,92526757,Mombasa,Driver,PK,False,ONLINE,True,MEDIUM,2024-04-06 15:21:21
M100287,Maria Morgan,1985-03-10,Maria Morgan,NATIONAL_ID,15826916,Eldoret,Driver,SS,False,BRANCH,True,MEDIUM,2024-02-02 00:46:37
M100288,Deanna Lee,2005-04-28,Deanna Lee,PASSPORT,52133047,Eldoret,Doctor,ET,False,BRANCH,True,MEDIUM,2025-03-31 14:33:40
M100289,Katherine White,1964-12-13,Katherine White,PASSPORT,11398040,Eldoret,Teacher,KE,False,ONLINE,True,LOW,2024-02-21 17:16:23
M100290,Steven Moore,1991-07-17,Steven Moore,NATIONAL_ID,45346366,Nakuru,Student,YE,False,AGENT,True,MEDIUM,2025-01-17 01:36:25
M100291,April Chang,1965-09-27,April Chang,PASSPORT,79834983,Thika,Doctor,KE,True,AGENT,True,MEDIUM,2025-05-25 18:14:13
M100292,Joshua King,1984-08-09,Joshua King,NATIONAL_ID,69604059,Kisumu,Doctor,YE,False,AGENT,True,MEDIUM,2025-10-17 00:38:46
M100293,Autumn Luna,1995-05-19,Autumn Luna,PASSPORT,20665248,Nakuru,Doctor,KE,False,ONLINE,True,LOW,2025-08-22 02:39:03
M100294,Keith Sullivan,1982-08-02,Keith Sullivan,NATIONAL_ID,29005518,Nairobi HQ,Farmer,UG,False,AGENT,True,LOW,2025-06-17 17:09:53
M100295,Kevin Patel,1984-10-27,Kevin Patel,NATIONAL_ID,27766028,Nakuru,Driver,TZ,False,BRANCH,True,MEDIUM,2025-03-09 10:51:30
M100296,Cheryl Carrillo,1960-08-28,Cheryl Carrillo,NATIONAL_ID,28792142,Thika,Student,SS,False,BRANCH,True,MEDIUM,2024-04-20 07:02:36
M100297,Jodi Mitchell,1991-06-18,Jodi Mitchell,PASSPORT,15246270,Eldoret,Trader,KE,False,BRANCH,True,MEDIUM,2025-03-14 07:07:05
M100298,Seth Young,1979-05-14,Seth Young,PASSPORT,23384043,Thika,Consultant,YE,False,ONLINE,True,LOW,2025-08-29 20:13:50
M100299,Christopher Campos,1990-09-04,Christopher Campos,NATIONAL_ID,6142186,Eldoret,Consultant,PK,False,AGENT,True,MEDIUM,2024-06-12 16:14:13
M100300,Scott Navarro,2002-10-07,Scott Navarro,NATIONAL_ID,52365030,Nyeri,Teacher,UG,False,BRANCH,True,MEDIUM,2025-01-02 11:01:44
M100301,Dawn Webster,2001-12-30,Dawn Webster,NATIONAL_ID,85291535,Mombasa,Trader,UG,False,ONLINE,True,LOW,2025-08-22 14:00:22
M100302,Melinda Roth,1962-05-26,Melinda Roth,NATIONAL_ID,92997510,Eldoret,Driver,SS,False,ONLINE,True,LOW,2024-01-14 17:27:40
M100303,Sara Bradshaw,1975-08-15,Sara Bradshaw,NATIONAL_ID,67256948,Eldoret,Teacher,PK,False,BRANCH,True,LOW,2024-07-05 02:21:53
M100304,Kimberly Johnson,1997-02-19,Kimberly Johnson,PASSPORT,6318259,Thika,Driver,SS,False,BRANCH,True,LOW,2024-10-06 05:31:47
M100305,Jessica Robinson,1966-03-03,Jessica Robinson,PASSPORT,15078633,Nyeri,Driver,KE,False,BRANCH,True,LOW,2024-01-05 22:33:20
M100306,Deborah Fleming,1963-02-26,Deborah Fleming,PASSPORT,67354999,Thika,Driver,ET,False,BRANCH,True,MEDIUM,2024-05-10 16:26:23
M100307,Kristen Boyle,2001-08-18,Kristen Boyle,NATIONAL_ID,7232602,Eldoret,Driver,UG,False,ONLINE,True,LOW,2024-10-08 04:43:27
M100308,Luis Mccall,2007-03-07,Luis Mccall,NATIONAL_ID,15080868,Eldoret,Student,UG,False,ONLINE,True,LOW,2024-03-24 03:31:17
M100309,Thomas Elliott,1989-07-11,Thomas Elliott,PASSPORT,49752574,Thika,Civil Servant,SS,False,ONLINE,True,LOW,2023-12-15 11:59:42
M100310,Janet Mccormick,1957-12-19,Janet Mccormick,NATIONAL_ID,94850072,Nyeri,Teacher,SS,False,BRANCH,True,LOW,2024-06-22 13:49:28
M100311,Sara Villa,1994-08-29,Sara Villa,NATIONAL_ID,61856597,Nakuru,Teacher,TZ,False,BRANCH,True,LOW,2023-11-03 07:22:17
M100312,Paul Jensen,1956-06-30,Paul Jensen,NATIONAL_ID,72009552,Nairobi HQ,Consultant,YE,False,BRANCH,True,HIGH,2023-11-10 07:17:33
M100313,Virginia Miller,2005-06-06,Virginia Miller,NATIONAL_ID,50046945,Nairobi HQ,Doctor,SS,False,AGENT,True,LOW,2023-12-24 04:50:08
M100314,Sara Williams,1959-07-04,Sara Williams,PASSPORT,25544783,Nairobi HQ,Trader,PK,False,BRANCH,True,MEDIUM,2024-05-19 15:09:25
M100315,Wesley Lawrence,1993-06-26,Wesley Lawrence,NATIONAL_ID,81651501,Nyeri,Driver,SO,False,AGENT,True,LOW,2024-01-08 00:58:14
M100316,Jennifer Moore,2007-03-19,Jennifer Moore,PASSPORT,5446875,Kisumu,Trader,ET,False,BRANCH,True,LOW,2024-02-18 02:43:49
M100317,Anthony Taylor,1976-03-06,Anthony Taylor,PASSPORT,97987875,Nakuru,Teacher,YE,False,AGENT,True,LOW,2024-03-21 12:13:53
M100318,Jessica Harris,1957-09-01,Jessica Harris,PASSPORT,65651809,Eldoret,Farmer,SO,False,BRANCH,True,LOW,2025-09-15 01:34:17
M100319,Michelle Lamb,2005-11-18,Michelle Lamb,PASSPORT,39456330,Nakuru,Civil Servant,PK,False,ONLINE,False,LOW,2025-05-19 12:58:37
M100320,Colin Ford,1975-04-20,Colin Ford,NATIONAL_ID,2987706,Mombasa,Student,TZ,False,AGENT,True,LOW,2024-03-14 01:50:52
M100321,Eric Williams,1961-10-23,Eric Williams,PASSPORT,67793999,Nakuru,Student,SO,False,BRANCH,True,LOW,2023-11-24 05:21:56
M100322,Gabriel Johnson,2003-12-21,Gabriel Johnson,NATIONAL_ID,6766624,Kisumu,Consultant,YE,False,AGENT,False,LOW,2024-01-27 20:38:17
M100323,Robert Lambert,1970-09-20,Robert Lambert,NATIONAL_ID,63301971,Kisumu,Teacher,SO,True,BRANCH,True,LOW,2025-05-19 04:55:25
M100324,Brian Wilson,1960-11-26,Brian Wilson,PASSPORT,81530454,Nyeri,Trader,SO,False,BRANCH,True,LOW,2024-07-23 14:58:35
M100325,April Cobb,1995-10-19,April Cobb,PASSPORT,33033894,Eldoret,Driver,ET,False,BRANCH,False,LOW,2023-11-09 20:28:37
M100326,Paul Wright,1992-11-01,Paul Wright,PASSPORT,74599942,Nairobi HQ,Doctor,YE,False,AGENT,True,HIGH,2024-05-10 07:08:52
M100327,Crystal Charles,1977-09-30,Crystal Charles,NATIONAL_ID,5369760,Mombasa,Driver,SO,False,BRANCH,True,LOW,2024-03-18 00:35:13
M100328,Sara Williamson,1994-07-18,Sara Williamson,PASSPORT,5811455,Mombasa,Civil Servant,SO,False,ONLINE,False,MEDIUM,2025-05-17 02:21:21
M100329,Marvin Johnson,1957-05-12,Marvin Johnson,PASSPORT,90875026,Thika,Doctor,TZ,False,ONLINE,True,LOW,2025-01-24 10:37:02
M100330,Jerry Rivera,1977-09-18,Jerry Rivera,PASSPORT,84147836,Nairobi HQ,Doctor,PK,False,ONLINE,True,LOW,2025-05-01 06:53:10
M100331,Ethan Shepherd,2004-11-15,Ethan Shepherd,PASSPORT,77162894,Mombasa,Driver,UG,False,ONLINE,True,LOW,2024-05-12 00:59:14
M100332,Charles Martinez,1988-08-11,Charles Martinez,NATIONAL_ID,11515086,Eldoret,Farmer,SS,False,ONLINE,True,LOW,2025-05-18 17:54:42
M100333,Robert Webb,1969-08-09,Robert Webb,NATIONAL_ID,82469094,Eldoret,Driver,SS,False,AGENT,False,LOW,2024-01-15 22:45:50
M100334,Christina Powell,1993-12-11,Christina Powell,NATIONAL_ID,81513789,Nairobi HQ,Trader,ET,False,BRANCH,True,HIGH,2025-08-18 03:38:37
M100335,Alyssa Smith,1978-01-16,Alyssa Smith,PASSPORT,17595685,Eldoret,Driver,SO,False,AGENT,True,LOW,2024-07-30 13:24:57
M100336,Arthur Zuniga,2002-04-03,Arthur Zuniga,PASSPORT,90595335,Nyeri,Farmer,ET,False,AGENT,True,MEDIUM,2025-01-25 17:40:45
M100337,Tammy Camacho,1998-11-06,Tammy Camacho,PASSPORT,85861172,Nyeri,Student,SS,False,BRANCH,True,MEDIUM,2024-11-11 11:41:54
M100338,Ruben White,1992-05-29,Ruben White,PASSPORT,12718834,Kisumu,Consultant,UG,False,ONLINE,True,LOW,2025-01-20 21:16:28
M100339,Andrea Heath,1963-07-13,Andrea Heath,PASSPORT,63363755,Mombasa,Student,SO,False,BRANCH,True,MEDIUM,2024-03-08 11:24:30
M100340,Anthony Simpson,1959-10-05,Anthony Simpson,NATIONAL_ID,47308737,Nairobi HQ,Driver,SO,False,BRANCH,True,LOW,2024-12-30 05:47:32
M100341,Meagan Chapman,1970-10-16,Meagan Chapman,NATIONAL_ID,74077258,Nyeri,Student,TZ,False,BRANCH,True,LOW,2025-04-04 12:18:37
M100342,John Briggs,1966-04-25,John Briggs,NATIONAL_ID,21015815,Nairobi HQ,Consultant,KE,False,BRANCH,False,LOW,2024-03-12 16:22:22
M100343,Alan Boone,2002-06-21,Alan Boone,PASSPORT,87332750,Mombasa,Consultant,TZ,False,AGENT,False,LOW,2025-06-19 18:56:36
M100344,Darryl Williamson,1963-08-03,Darryl Williamson,NATIONAL_ID,51800038,Mombasa,Doctor,KE,False,AGENT,True,LOW,2024-02-04 05:51:47
M100345,Jeffrey Anderson,1990-04-23,Jeffrey Anderson,NATIONAL_ID,38863396,Nyeri,Civil Servant,SO,False,ONLINE,True,HIGH,2025-02-18 19:07:56
M100346,Jessica Frazier,1969-06-25,Jessica Frazier,PASSPORT,14898279,Nakuru,Civil Servant,ET,False,BRANCH,True,MEDIUM,2025-04-01 03:04:39
M100347,Jane Bell,2001-12-09,Jane Bell,PASSPORT,65147017,Nyeri,Consultant,UG,False,AGENT,True,LOW,2024-07-09 21:20:42
M100348,Melissa Ward,1970-04-24,Melissa Ward,NATIONAL_ID,15633054,Mombasa,Civil Servant,PK,False,ONLINE,True,LOW,2023-12-31 13:52:34
M100349,Kathryn Graham,1990-04-12,Kathryn Graham,NATIONAL_ID,6439971,Thika,Doctor,TZ,False,AGENT,True,LOW,2024-11-03 20:52:14
M100350,Anna Hall,1994-04-20,Anna Hall,NATIONAL_ID,57076528,Nakuru,Consultant,SS,False,BRANCH,True,HIGH,2025-03-31 21:06:14
M100351,Taylor Smith,1999-12-19,Taylor Smith,PASSPORT,28698568,Nakuru,Farmer,YE,False,ONLINE,True,HIGH,2025-02-04 18:07:48
M100352,Gary Nelson,1982-07-08,Gary Nelson,PASSPORT,94202945,Thika,Driver,PK,False,AGENT,True,LOW,2025-09-16 07:28:56
M100353,Benjamin Morton,1987-12-03,Benjamin Morton,PASSPORT,8440438,Thika,Civil Servant,KE,False,BRANCH,True,HIGH,2024-08-19 07:23:27
M100354,Lindsey Smith,1976-06-06,Lindsey Smith,NATIONAL_ID,86789082,Nyeri,Driver,SS,False,ONLINE,True,LOW,2025-06-03 09:08:45
M100355,David Crane,1979-03-07,David Crane,PASSPORT,57244921,Nyeri,Civil Servant,TZ,False,AGENT,True,MEDIUM,2024-07-15 10:35:54
M100356,David Sloan,1962-01-07,David Sloan,PASSPORT,57223488,Nairobi HQ,Doctor,SS,False,AGENT,True,LOW,2024-11-26 11:14:30
M100357,Michael Berry,1979-07-28,Michael Berry,NATIONAL_ID,23432077,Nyeri,Civil Servant,UG,False,AGENT,True,LOW,2024-05-27 09:55:51
M100358,Ryan Fitzpatrick,2002-08-07,Ryan Fitzpatrick,PASSPORT,4867705,Nairobi HQ,Civil Servant,KE,False,AGENT,True,LOW,2024-06-12 22:53:35
M100359,Megan Jones,1973-11-03,Megan Jones,NATIONAL_ID,5560091,Thika,Teacher,YE,False,BRANCH,True,LOW,2025-03-28 08:59:31
M100360,Tammy Martin,1958-07-09,Tammy Martin,NATIONAL_ID,30684127,Eldoret,Consultant,TZ,False,AGENT,True,MEDIUM,2024-02-15 22:10:08
M100361,Mark Walker,1982-11-02,Mark Walker,NATIONAL_ID,30380015,Mombasa,Doctor,SO,False,AGENT,True,LOW,2024-03-31 03:52:32
M100362,Taylor Roberts,1965-05-29,Taylor Roberts,NATIONAL_ID,59316849,Thika,Doctor,KE,False,ONLINE,True,LOW,2024-08-22 18:11:35
M100363,Craig Jacobson,1998-04-26,Craig Jacobson,PASSPORT,47149900,Nyeri,Civil Servant,UG,False,BRANCH,True,LOW,2024-10-21 19:58:26
M100364,Joseph Levy,1958-02-21,Joseph Levy,NATIONAL_ID,29225260,Kisumu,Doctor,UG,False,BRANCH,True,LOW,2024-01-18 07:20:31
M100365,Mark Crawford,1998-03-13,Mark Crawford,PASSPORT,27623777,Kisumu,Teacher,YE,False,ONLINE,True,HIGH,2024-01-01 00:55:48
M100366,Jacqueline Wilson,1977-10-05,Jacqueline Wilson,PASSPORT,91522183,Nyeri,Trader,KE,False,BRANCH,True,HIGH,2025-03-13 22:52:07
M100367,Alexander Garza,1980-11-27,Alexander Garza,NATIONAL_ID,87167634,Nakuru,Driver,TZ,False,BRANCH,True,MEDIUM,2025-09-12 23:37:57
M100368,Bradley Boyd,1995-02-05,Bradley Boyd,PASSPORT,88483757,Nairobi HQ,Consultant,KE,False,AGENT,True,MEDIUM,2025-04-02 17:53:19
M100369,Willie Meadows,1998-01-26,Willie Meadows,NATIONAL_ID,37066309,Nairobi HQ,Farmer,YE,False,AGENT,True,LOW,2024-11-11 04:50:25
M100370,Kathleen Castro,1995-12-12,Kathleen Castro,PASSPORT,66561191,Nairobi HQ,Driver,SS,False,BRANCH,True,LOW,2025-09-05 20:02:34
M100371,Brandi Scott,1980-07-21,Brandi Scott,NATIONAL_ID,72771409,Nakuru,Consultant,KE,False,ONLINE,True,LOW,2024-10-25 19:04:44
M100372,Justin Taylor,1987-12-16,Justin Taylor,NATIONAL_ID,7260700,Nyeri,Driver,SS,False,BRANCH,False,MEDIUM,2024-10-10 04:30:18
M100373,Lori Harris,1992-11-15,Lori Harris,NATIONAL_ID,52302400,Thika,Civil Servant,PK,False,ONLINE,True,MEDIUM,2024-08-28 18:03:10
M100374,Jennifer Carroll,2004-03-18,Jennifer Carroll,NATIONAL_ID,22832690,Mombasa,Student,ET,False,AGENT,True,LOW,2025-02-06 11:35:24
M100375,Michael Collins,2001-07-28,Michael Collins,NATIONAL_ID,29744271,Nakuru,Student,KE,False,BRANCH,True,MEDIUM,2024-09-12 21:24:55
M100376,Ashley Singh,2006-11-30,Ashley Singh,NATIONAL_ID,26489744,Mombasa,Consultant,SO,False,AGENT,True,LOW,2025-05-20 20:44:38
M100377,Sarah Phillips,1993-07-02,Sarah Phillips,NATIONAL_ID,17071581,Nyeri,Teacher,UG,True,ONLINE,True,LOW,2024-11-27 12:12:04
M100378,Robin Good,1977-03-20,Robin Good,PASSPORT,88490180,Nakuru,Driver,SS,False,ONLINE,True,LOW,2024-02-20 20:16:07
M100379,Timothy Freeman,1998-11-20,Timothy Freeman,PASSPORT,66072891,Nairobi HQ,Civil Servant,SS,False,BRANCH,True,LOW,2024-08-27 08:43:04
M100380,Jessica Hancock,2002-08-12,Jessica Hancock,PASSPORT,82255,Eldoret,Farmer,UG,False,ONLINE,True,MEDIUM,2024-12-22 03:19:40
M100381,Nicole Conley,1963-11-22,Nicole Conley,PASSPORT,35513044,Eldoret,Teacher,KE,False,AGENT,False,HIGH,2025-03-31 05:53:32
M100382,Nicholas Payne,1958-09-30,Nicholas Payne,NATIONAL_ID,46683484,Mombasa,Driver,KE,False,AGENT,True,MEDIUM,2024-09-26 22:49:17
M100383,Mary Chapman,1957-04-20,Mary Chapman,PASSPORT,45219361,Nakuru,Driver,YE,False,BRANCH,False,MEDIUM,2024-06-14 01:36:33
M100384,Alexandra Pittman,1960-11-01,Alexandra Pittman,PASSPORT,4686370,Eldoret,Driver,ET,False,BRANCH,True,LOW,2025-08-25 03:33:36
M100385,Mary Garcia,1991-08-13,Mary Garcia,NATIONAL_ID,9336782,Mombasa,Student,PK,True,AGENT,True,MEDIUM,2025-06-28 18:01:34
M100386,Charles Rivera,1999-07-31,Charles Rivera,PASSPORT,72334462,Mombasa,Doctor,YE,False,BRANCH,True,HIGH,2024-02-13 12:28:44
M100387,Linda Olsen,1971-08-07,Linda Olsen,PASSPORT,92075818,Nyeri,Civil Servant,KE,True,ONLINE,True,LOW,2024-11-23 19:53:42
M100388,Dawn Vaughan,1957-04-23,Dawn Vaughan,NATIONAL_ID,90117687,Kisumu,Student,TZ,False,BRANCH,True,LOW,2025-09-20 00:30:26
M100389,Evelyn Parker,1963-08-19,Evelyn Parker,PASSPORT,1515898,Eldoret,Teacher,TZ,False,AGENT,True,LOW,2023-11-19 20:49:43
M100390,Kayla Coleman,1995-06-25,Kayla Coleman,PASSPORT,41023840,Nakuru,Doctor,UG,False,AGENT,True,MEDIUM,2024-11-15 07:09:46
M100391,Sean Miranda,1992-10-24,Sean Miranda,NATIONAL_ID,41487634,Kisumu,Farmer,SS,False,ONLINE,True,LOW,2025-07-10 05:16:39
M100392,Crystal Gilmore,2006-01-26,Crystal Gilmore,PASSPORT,3820566,Thika,Driver,TZ,True,BRANCH,False,LOW,2023-10-29 00:47:46
M100393,Laurie Marquez,1961-07-30,Laurie Marquez,PASSPORT,24998226,Nairobi HQ,Doctor,ET,False,AGENT,True,LOW,2023-12-14 22:28:07
M100394,Joel Paul,1961-05-16,Joel Paul,PASSPORT,58681943,Nairobi HQ,Doctor,UG,False,ONLINE,True,LOW,2024-04-04 07:45:52
M100395,Tanya Taylor,2006-01-23,Tanya Taylor,NATIONAL_ID,69945866,Kisumu,Trader,UG,False,BRANCH,True,LOW,2025-06-27 23:00:22
M100396,Frances Flores,1976-11-29,Frances Flores,PASSPORT,51343927,Eldoret,Student,TZ,False,AGENT,True,LOW,2023-12-01 11:37:57
M100397,Patrick Knight,1965-04-14,Patrick Knight,PASSPORT,54943544,Nairobi HQ,Teacher,SO,False,ONLINE,True,LOW,2024-03-21 21:34:42
M100398,Richard Wells,1991-08-30,Richard Wells,PASSPORT,45681928,Mombasa,Civil Servant,TZ,False,BRANCH,True,MEDIUM,2025-06-17 07:44:45
M100399,Elizabeth Abbott,1959-11-14,Elizabeth Abbott,NATIONAL_ID,55790872,Eldoret,Trader,SO,False,ONLINE,True,MEDIUM,2024-08-16 13:01:43
M100400,Julie Fischer,1995-09-13,Julie Fischer,NATIONAL_ID,42428967,Nairobi HQ,Trader,PK,False,ONLINE,True,MEDIUM,2023-12-06 19:13:43
M100401,Daniel Edwards,2005-09-19,Daniel Edwards,NATIONAL_ID,46115693,Nairobi HQ,Driver,YE,False,ONLINE,True,MEDIUM,2025-02-14 02:32:27
M100402,Joel Duran,1969-05-04,Joel Duran,PASSPORT,31031876,Kisumu,Doctor,PK,False,ONLINE,True,LOW,2024-12-21 02:55:57
M100403,Marcus Alvarez,1966-07-31,Marcus Alvarez,PASSPORT,74301842,Nyeri,Driver,TZ,False,AGENT,True,LOW,2025-09-08 19:53:03
M100404,Taylor Fischer,1973-03-13,Taylor Fischer,NATIONAL_ID,45579688,Thika,Civil Servant,SS,False,BRANCH,True,MEDIUM,2024-06-01 01:37:24
M100405,Rebecca Wright,1994-12-27,Rebecca Wright,NATIONAL_ID,38616335,Mombasa,Doctor,PK,False,ONLINE,True,LOW,2024-07-29 16:09:34
M100406,Raymond Michael,2007-03-22,Raymond Michael,NATIONAL_ID,19042815,Eldoret,Consultant,PK,False,ONLINE,True,LOW,2024-06-06 19:42:06
M100407,David Brooks,1984-09-22,David Brooks,NATIONAL_ID,17286804,Nakuru,Driver,UG,False,AGENT,True,LOW,2024-03-03 01:03:24
M100408,Kimberly Rodriguez,1968-01-17,Kimberly Rodriguez,NATIONAL_ID,12996012,Nairobi HQ,Doctor,UG,False,AGENT,True,MEDIUM,2024-06-23 21:09:34
M100409,Samuel Barrera,2005-03-22,Samuel Barrera,PASSPORT,68154901,Nairobi HQ,Trader,PK,False,ONLINE,True,LOW,2023-11-28 06:23:37
M100410,Susan Miller,1998-01-26,Susan Miller,NATIONAL_ID,40597586,Mombasa,Consultant,SO,False,BRANCH,True,MEDIUM,2025-01-28 01:06:45
M100411,Dennis King,2007-10-15,Dennis King,NATIONAL_ID,10248644,Nairobi HQ,Doctor,KE,False,BRANCH,True,MEDIUM,2024-09-13 16:29:42
M100412,Cole West,1980-04-13,Cole West,NATIONAL_ID,44318660,Kisumu,Student,KE,False,BRANCH,True,HIGH,2025-04-24 12:10:38
M100413,Daniel Kane,1976-02-06,Daniel Kane,NATIONAL_ID,37245311,Kisumu,Student,YE,False,ONLINE,True,LOW,2025-06-17 11:39:49
M100414,Carl Smith,1999-12-26,Carl Smith,PASSPORT,53373192,Kisumu,Civil Servant,YE,True,ONLINE,True,LOW,2025-10-20 18:50:45
M100415,Robert Huff,1986-01-06,Robert Huff,NATIONAL_ID,68476399,Kisumu,Driver,PK,False,BRANCH,True,HIGH,2024-01-03 07:12:36
M100416,Kathy Acevedo,1985-08-03,Kathy Acevedo,NATIONAL_ID,75694072,Nyeri,Driver,SO,False,ONLINE,True,LOW,2023-11-22 07:39:29
M100417,Alison Rogers,1956-05-09,Alison Rogers,NATIONAL_ID,76725491,Nairobi HQ,Consultant,KE,False,BRANCH,True,LOW,2024-12-15 17:11:53
M100418,Marvin Dyer,1984-11-26,Marvin Dyer,PASSPORT,66119292,Kisumu,Doctor,SS,True,ONLINE,True,LOW,2024-03-20 19:51:53
M100419,Alex Hernandez,1967-09-16,Alex Hernandez,PASSPORT,85142243,Thika,Teacher,SS,False,AGENT,True,LOW,2024-09-13 07:54:06
M100420,Matthew Khan,1975-08-01,Matthew Khan,NATIONAL_ID,54869419,Nairobi HQ,Consultant,UG,False,AGENT,True,LOW,2024-10-09 19:47:59
M100421,Gloria Whitaker,1971-12-26,Gloria Whitaker,NATIONAL_ID,53656364,Eldoret,Trader,UG,False,BRANCH,True,LOW,2025-06-10 23:18:53
M100422,Dennis Beard,1975-06-30,Dennis Beard,PASSPORT,79549973,Mombasa,Civil Servant,TZ,False,BRANCH,True,LOW,2024-10-17 03:34:05
M100423,Crystal Gomez,1963-04-04,Crystal Gomez,NATIONAL_ID,42568069,Eldoret,Civil Servant,PK,False,AGENT,True,LOW,2025-04-28 03:03:57
M100424,Douglas Bailey,1984-02-27,Douglas Bailey,PASSPORT,94264309,Nakuru,Civil Servant,KE,False,ONLINE,True,LOW,2025-08-16 02:16:00
M100425,John Nicholson,2005-02-12,John Nicholson,NATIONAL_ID,46898269,Eldoret,Teacher,SS,False,AGENT,True,LOW,2025-08-20 21:10:04
M100426,Sharon Barnes,1978-12-08,Sharon Barnes,PASSPORT,68372568,Nakuru,Driver,SS,False,AGENT,True,LOW,2024-07-12 03:55:41
M100427,Jimmy Smith,1981-10-25,Jimmy Smith,NATIONAL_ID,5956404,Nakuru,Teacher,YE,False,AGENT,True,LOW,2024-09-29 00:48:19
M100428,Timothy Reid,1972-01-20,Timothy Reid,NATIONAL_ID,4674403,Kisumu,Doctor,TZ,False,ONLINE,False,LOW,2024-03-26 09:40:18
M100429,Marcus Rogers,1963-08-14,Marcus Rogers,PASSPORT,32909893,Thika,Consultant,KE,False,ONLINE,True,LOW,2025-01-20 12:13:48
M100430,Jill Nguyen,1969-08-11,Jill Nguyen,NATIONAL_ID,49008292,Nyeri,Civil Servant,YE,False,ONLINE,True,HIGH,2025-08-10 17:53:17
M100431,Jonathan Cox,2005-08-30,Jonathan Cox,PASSPORT,51451562,Nyeri,Trader,UG,False,AGENT,False,LOW,2025-08-15 08:40:58
M100432,Derek Long,1980-03-31,Derek Long,NATIONAL_ID,3730581,Nairobi HQ,Consultant,SO,False,BRANCH,True,MEDIUM,2024-09-27 19:59:47
M100433,Oscar Jenkins,1989-10-07,Oscar Jenkins,PASSPORT,19517253,Mombasa,Teacher,PK,False,AGENT,True,LOW,2024-07-06 01:33:47
M100434,Daniel Smith,1997-10-07,Daniel Smith,PASSPORT,25543246,Nakuru,Trader,YE,False,AGENT,True,LOW,2025-01-18 15:49:42
M100435,Brad Howard,1982-09-07,Brad Howard,PASSPORT,21448913,Nyeri,Doctor,UG,False,AGENT,True,MEDIUM,2024-12-31 15:15:59
M100436,Kristine Ewing,1976-11-18,Kristine Ewing,NATIONAL_ID,94430283,Eldoret,Student,UG,False,AGENT,True,LOW,2023-11-17 10:43:53
M100437,David Miranda,1957-01-18,David Miranda,NATIONAL_ID,84363964,Nyeri,Driver,SO,False,AGENT,True,MEDIUM,2025-01-17 17:49:20
M100438,Casey White,1963-07-03,Casey White,NATIONAL_ID,83823090,Thika,Student,ET,False,ONLINE,True,MEDIUM,2024-07-02 09:39:31
M100439,Sheila Gentry,2001-06-15,Sheila Gentry,PASSPORT,42033331,Eldoret,Teacher,SO,False,AGENT,True,MEDIUM,2025-07-06 23:43:38
M100440,Beverly Ewing,1980-03-31,Beverly Ewing,NATIONAL_ID,70791433,Thika,Student,TZ,False,BRANCH,True,MEDIUM,2024-12-13 05:48:53
M100441,Daniel Christensen,1969-04-14,Daniel Christensen,NATIONAL_ID,80170005,Thika,Teacher,UG,False,BRANCH,True,LOW,2025-06-09 17:05:21
M100442,Evan Bean,2005-11-26,Evan Bean,PASSPORT,64697847,Thika,Consultant,TZ,False,AGENT,True,MEDIUM,2024-06-01 21:01:43
M100443,Sabrina Haynes,2006-03-14,Sabrina Haynes,NATIONAL_ID,94771693,Eldoret,Student,PK,False,AGENT,True,LOW,2025-03-14 10:22:19
M100444,Jonathan Collins,1961-09-13,Jonathan Collins,PASSPORT,42952553,Nyeri,Doctor,YE,False,ONLINE,True,LOW,2024-11-14 10:01:31
M100445,Sharon Ellison,1986-09-03,Sharon Ellison,PASSPORT,45757358,Kisumu,Consultant,TZ,False,ONLINE,True,LOW,2024-04-02 00:12:14
M100446,Katie Garcia,1980-05-14,Katie Garcia,NATIONAL_ID,46468673,Kisumu,Teacher,TZ,False,ONLINE,False,LOW,2024-03-04 03:55:58
M100447,Christopher Williams,1987-08-13,Christopher Williams,NATIONAL_ID,95099459,Nakuru,Farmer,KE,False,ONLINE,True,LOW,2025-04-22 01:08:50
M100448,Douglas Patel,2005-12-22,Douglas Patel,PASSPORT,7237552,Eldoret,Teacher,ET,False,BRANCH,False,LOW,2024-01-10 11:21:57
M100449,Kenneth Ray,1959-04-30,Kenneth Ray,NATIONAL_ID,8472092,Thika,Farmer,PK,False,BRANCH,True,LOW,2024-05-23 19:39:19
M100450,Victoria Thomas,1968-02-20,Victoria Thomas,PASSPORT,70050968,Eldoret,Driver,TZ,False,AGENT,True,LOW,2024-12-16 15:20:18
M100451,Whitney Ferguson,1970-09-25,Whitney Ferguson,PASSPORT,58669240,Eldoret,Teacher,KE,False,ONLINE,True,MEDIUM,2023-11-30 20:49:18
M100452,Erin Watson,1990-05-10,Erin Watson,PASSPORT,2802675,Eldoret,Civil Servant,KE,True,BRANCH,True,LOW,2025-06-04 23:23:14
M100453,John Rogers,2002-11-02,John Rogers,NATIONAL_ID,52011556,Mombasa,Teacher,YE,True,ONLINE,True,LOW,2024-08-24 11:50:04
M100454,Joel Williams,1968-11-23,Joel Williams,NATIONAL_ID,66238279,Nyeri,Teacher,SO,False,BRANCH,True,MEDIUM,2025-08-08 16:40:31
M100455,Veronica Walters,1974-02-19,Veronica Walters,NATIONAL_ID,16771541,Eldoret,Doctor,PK,False,ONLINE,True,LOW,2025-04-30 14:00:17
M100456,Amy Short,1962-10-20,Amy Short,NATIONAL_ID,31613098,Mombasa,Trader,SO,False,AGENT,True,MEDIUM,2024-03-24 01:05:12
M100457,Ryan Woods,1962-05-13,Ryan Woods,NATIONAL_ID,97475927,Mombasa,Trader,PK,False,AGENT,True,LOW,2024-08-21 03:28:26
M100458,Eric Burgess,1997-02-17,Eric Burgess,NATIONAL_ID,18768982,Eldoret,Driver,YE,False,ONLINE,True,MEDIUM,2024-10-07 06:30:46
M100459,Larry Lee,2004-02-07,Larry Lee,PASSPORT,41135168,Nairobi HQ,Farmer,YE,False,AGENT,True,HIGH,2024-11-07 21:39:26
M100460,Bryan Wolf,1994-10-28,Bryan Wolf,NATIONAL_ID,63203182,Nyeri,Trader,ET,False,AGENT,False,MEDIUM,2025-05-29 12:54:17
M100461,Michael Ho,1997-03-25,Michael Ho,NATIONAL_ID,37921793,Kisumu,Doctor,PK,False,ONLINE,True,LOW,2024-08-18 13:41:18
M100462,Sara Gillespie,2004-09-18,Sara Gillespie,NATIONAL_ID,28637939,Nyeri,Civil Servant,TZ,False,ONLINE,True,MEDIUM,2025-05-15 13:19:50
M100463,Erica Cherry,1971-05-16,Erica Cherry,PASSPORT,86144135,Nyeri,Civil Servant,SO,False,ONLINE,True,LOW,2024-04-30 18:50:57
M100464,Melissa Cook,1979-09-21,Melissa Cook,NATIONAL_ID,27551040,Thika,Farmer,ET,False,ONLINE,False,LOW,2025-06-22 04:27:54
M100465,Steven Higgins,1964-06-20,Steven Higgins,PASSPORT,68383280,Nakuru,Civil Servant,YE,True,AGENT,True,LOW,2025-04-19 14:54:58
M100466,Emily Smith,1990-05-02,Emily Smith,NATIONAL_ID,33760319,Nairobi HQ,Civil Servant,SS,False,BRANCH,True,MEDIUM,2025-02-08 21:01:30
M100467,Juan Williams,1970-03-18,Juan Williams,PASSPORT,9245508,Mombasa,Teacher,KE,False,ONLINE,True,LOW,2024-11-30 21:54:50
M100468,Alicia Snyder,1998-10-13,Alicia Snyder,PASSPORT,30898429,Eldoret,Civil Servant,SS,False,ONLINE,True,HIGH,2025-06-07 07:05:57
M100469,Hannah Mosley,1999-04-16,Hannah Mosley,NATIONAL_ID,39584012,Eldoret,Farmer,SS,False,ONLINE,True,MEDIUM,2024-03-15 21:14:12
M100470,Jennifer Robbins,1989-06-03,Jennifer Robbins,PASSPORT,2450681,Nyeri,Consultant,PK,False,BRANCH,True,MEDIUM,2025-01-17 13:27:38
M100471,Paul Aguilar,1975-06-26,Paul Aguilar,PASSPORT,17905338,Nairobi HQ,Teacher,ET,False,BRANCH,True,MEDIUM,2025-04-02 04:07:35
M100472,Emily Robinson,2007-01-17,Emily Robinson,NATIONAL_ID,81021940,Nakuru,Doctor,PK,False,ONLINE,True,LOW,2024-09-26 02:39:01
M100473,Emily Branch,1997-11-19,Emily Branch,PASSPORT,72878300,Kisumu,Doctor,UG,False,AGENT,True,LOW,2025-09-28 09:53:02
M100474,Michael Morgan,1992-11-21,Michael Morgan,PASSPORT,6115928,Mombasa,Consultant,YE,False,AGENT,True,MEDIUM,2025-03-01 05:03:42
M100475,Reginald Cruz,1965-04-10,Reginald Cruz,PASSPORT,35212316,Kisumu,Farmer,SO,False,ONLINE,True,LOW,2025-08-02 11:48:49
M100476,John Miranda,1960-10-15,John Miranda,NATIONAL_ID,29292014,Mombasa,Driver,SS,False,ONLINE,True,LOW,2024-07-03 20:57:09
M100477,Kyle Davis,1983-06-29,Kyle Davis,PASSPORT,69173924,Mombasa,Student,KE,False,AGENT,True,HIGH,2024-01-25 10:37:18
M100478,Alejandro Montes,1977-12-06,Alejandro Montes,NATIONAL_ID,43488832,Eldoret,Civil Servant,KE,False,AGENT,True,MEDIUM,2024-12-20 04:10:47
M100479,Eric Burns,1979-05-19,Eric Burns,NATIONAL_ID,11630597,Nakuru,Driver,UG,False,BRANCH,True,LOW,2025-05-09 10:51:55
M100480,Michelle Smith,1964-08-19,Michelle Smith,PASSPORT,65579995,Kisumu,Civil Servant,SS,False,AGENT,True,LOW,2025-02-09 12:04:08
M100481,Larry Ferguson,1992-05-06,Larry Ferguson,NATIONAL_ID,24995679,Nairobi HQ,Doctor,UG,False,BRANCH,True,LOW,2024-02-19 13:20:25
M100482,Melanie Kim,2000-08-02,Melanie Kim,PASSPORT,91215304,Mombasa,Driver,SO,False,AGENT,True,MEDIUM,2024-05-21 07:48:38
M100483,Brent Moran,1957-10-29,Brent Moran,NATIONAL_ID,17833889,Nakuru,Civil Servant,UG,False,ONLINE,True,MEDIUM,2024-01-09 11:51:58
M100484,Bobby Berry,1973-01-17,Bobby Berry,PASSPORT,13508007,Nairobi HQ,Consultant,SS,False,AGENT,True,MEDIUM,2025-08-06 18:58:11
M100485,Miguel Young,1983-07-18,Miguel Young,PASSPORT,9414787,Thika,Trader,ET,False,AGENT,True,MEDIUM,2024-08-25 02:21:21
M100486,Kenneth Carroll,1988-06-25,Kenneth Carroll,PASSPORT,71963396,Kisumu,Teacher,SO,False,AGENT,True,LOW,2023-11-27 07:28:52
M100487,Melissa Jones,1978-02-15,Melissa Jones,NATIONAL_ID,40744126,Nakuru,Trader,KE,False,BRANCH,False,LOW,2024-01-21 04:07:45
M100488,Meghan Young,1991-04-07,Meghan Young,NATIONAL_ID,31944671,Nakuru,Driver,SS,False,AGENT,True,MEDIUM,2024-08-24 23:10:46
M100489,Shane Flores,1966-04-18,Shane Flores,PASSPORT,63680137,Nyeri,Civil Servant,YE,False,BRANCH,True,MEDIUM,2025-03-12 22:19:17
M100490,Sylvia Lambert,1972-05-15,Sylvia Lambert,PASSPORT,53630237,Nakuru,Doctor,SO,False,ONLINE,True,LOW,2024-10-29 11:48:18
M100491,Brett Barrett,2004-10-22,Brett Barrett,NATIONAL_ID,9022115,Nakuru,Farmer,SO,False,ONLINE,True,LOW,2024-04-20 09:08:12
M100492,Kevin Holmes,1994-02-14,Kevin Holmes,NATIONAL_ID,80259659,Kisumu,Consultant,PK,False,BRANCH,True,LOW,2025-04-12 00:03:33
M100493,Jessica Ayala,1960-07-21,Jessica Ayala,NATIONAL_ID,45426269,Mombasa,Doctor,KE,False,ONLINE,True,LOW,2024-07-10 07:40:52
M100494,Nancy Murphy,1978-08-11,Nancy Murphy,NATIONAL_ID,67485253,Kisumu,Civil Servant,KE,False,BRANCH,True,LOW,2024-06-13 13:17:47
M100495,Kelly Rhodes,1956-09-03,Kelly Rhodes,PASSPORT,74350455,Mombasa,Teacher,SO,False,ONLINE,True,MEDIUM,2025-08-28 15:57:56
M100496,Jamie Hancock,1966-12-18,Jamie Hancock,PASSPORT,23416368,Kisumu,Student,UG,False,ONLINE,True,HIGH,2024-10-01 18:23:16
M100497,Alexandra Jarvis,1998-03-05,Alexandra Jarvis,PASSPORT,75457,Nairobi HQ,Doctor,ET,False,BRANCH,True,LOW,2024-01-24 14:24:30
M100498,Travis Thomas,2003-10-15,Travis Thomas,PASSPORT,39155620,Nairobi HQ,Driver,KE,False,AGENT,True,LOW,2025-01-07 09:27:43
M100499,Derek Sharp,1986-08-15,Derek Sharp,NATIONAL_ID,29401372,Nairobi HQ,Farmer,YE,False,BRANCH,True,LOW,2024-04-04 21:16:50
M100500,Monica Jacobs,1996-05-10,Monica Jacobs,PASSPORT,3191047,Nyeri,Farmer,KE,False,ONLINE,False,LOW,2025-03-29 09:09:09
M100501,Michelle Coleman,1977-03-27,Michelle Coleman,NATIONAL_ID,61773891,Mombasa,Consultant,UG,False,ONLINE,True,MEDIUM,2025-06-26 22:51:12
M100502,Eugene Glover,1991-08-29,Eugene Glover,NATIONAL_ID,43418937,Eldoret,Consultant,ET,False,BRANCH,True,LOW,2024-04-26 08:00:55
M100503,James Evans,1998-01-12,James Evans,PASSPORT,77990096,Eldoret,Student,SS,False,AGENT,True,MEDIUM,2025-02-03 04:26:24
M100504,Eric Tucker,2000-02-05,Eric Tucker,PASSPORT,99108140,Nakuru,Teacher,TZ,False,BRANCH,True,LOW,2024-08-31 02:42:22
M100505,Eric Hayes,1978-11-16,Eric Hayes,NATIONAL_ID,48272741,Nairobi HQ,Civil Servant,ET,False,BRANCH,True,LOW,2025-07-13 05:22:52
M100506,Jasmine Young,1959-09-26,Jasmine Young,NATIONAL_ID,57316939,Mombasa,Student,UG,False,ONLINE,True,LOW,2024-07-14 22:19:22
M100507,Isaac Smith,1988-05-22,Isaac Smith,PASSPORT,20815448,Nairobi HQ,Student,UG,False,AGENT,True,HIGH,2024-03-26 06:44:42
M100508,Jeffrey Ramos,1994-06-08,Jeffrey Ramos,PASSPORT,22931599,Mombasa,Civil Servant,SO,False,AGENT,True,LOW,2024-03-09 06:00:18
M100509,Joann Jordan,1987-08-28,Joann Jordan,PASSPORT,51320237,Mombasa,Doctor,YE,False,BRANCH,True,LOW,2024-01-13 09:53:14
M100510,William Cunningham,1980-05-18,William Cunningham,PASSPORT,6784461,Mombasa,Farmer,PK,False,AGENT,True,LOW,2025-05-29 06:14:42
M100511,Darlene Alvarez,1997-06-03,Darlene Alvarez,NATIONAL_ID,66627120,Nairobi HQ,Consultant,SO,False,AGENT,True,LOW,2025-03-20 13:41:35
M100512,Kimberly Howard,1964-02-19,Kimberly Howard,NATIONAL_ID,7582808,Eldoret,Consultant,UG,False,AGENT,True,MEDIUM,2025-01-26 14:37:34
M100513,Jennifer Smith,1970-06-23,Jennifer Smith,PASSPORT,90789105,Thika,Farmer,PK,False,AGENT,True,MEDIUM,2024-01-13 16:10:16
M100514,Sara Nelson,1993-01-11,Sara Nelson,NATIONAL_ID,55604684,Thika,Driver,UG,True,AGENT,True,HIGH,2024-11-28 13:19:58
M100515,Michelle Rodriguez,1978-04-13,Michelle Rodriguez,PASSPORT,95748542,Nakuru,Teacher,ET,False,AGENT,True,HIGH,2024-03-30 07:33:33
M100516,Jonathon Jones,1957-06-05,Jonathon Jones,NATIONAL_ID,40160691,Nyeri,Civil Servant,PK,False,ONLINE,True,LOW,2025-09-27 11:15:54
M100517,Kelly Williamson,1965-01-15,Kelly Williamson,NATIONAL_ID,91363154,Nakuru,Civil Servant,ET,False,AGENT,True,LOW,2024-11-16 04:42:03
M100518,Sheila Porter,2000-09-22,Sheila Porter,NATIONAL_ID,82129071,Nakuru,Farmer,ET,False,AGENT,True,LOW,2025-07-01 11:26:30
M100519,Fernando Key,1963-08-03,Fernando Key,NATIONAL_ID,33105749,Mombasa,Teacher,PK,False,AGENT,True,MEDIUM,2024-09-12 09:16:09
M100520,Gregory Buchanan,1969-03-06,Gregory Buchanan,PASSPORT,23708190,Nyeri,Doctor,SO,False,AGENT,True,LOW,2024-04-24 22:20:22
M100521,Deborah Wright,1991-10-29,Deborah Wright,NATIONAL_ID,13273174,Kisumu,Farmer,UG,False,BRANCH,False,LOW,2024-07-29 23:52:04
M100522,Tanya Patrick,1957-09-16,Tanya Patrick,PASSPORT,617604,Nairobi HQ,Driver,TZ,False,ONLINE,True,LOW,2025-03-15 07:38:14
M100523,Michelle Simmons,1986-12-27,Michelle Simmons,NATIONAL_ID,90055191,Mombasa,Doctor,UG,False,BRANCH,True,HIGH,2025-06-25 03:09:41
M100524,Edward Gomez,1986-04-11,Edward Gomez,PASSPORT,40894565,Kisumu,Student,YE,False,ONLINE,True,LOW,2025-04-16 06:47:35
M100525,Matthew Baker,2006-08-05,Matthew Baker,NATIONAL_ID,82263464,Nyeri,Teacher,SS,True,AGENT,True,LOW,2025-01-21 05:07:06
M100526,Phillip Rogers,1988-09-20,Phillip Rogers,PASSPORT,47303181,Kisumu,Consultant,YE,False,ONLINE,False,LOW,2024-02-01 17:10:34
M100527,Evelyn Jimenez,1960-03-03,Evelyn Jimenez,NATIONAL_ID,90768913,Nyeri,Doctor,SO,False,ONLINE,True,MEDIUM,2025-02-11 21:53:56
M100528,Sarah King,1968-01-02,Sarah King,NATIONAL_ID,96842252,Kisumu,Driver,KE,False,BRANCH,True,LOW,2024-01-05 16:20:13
M100529,Hannah Doyle,1966-08-29,Hannah Doyle,NATIONAL_ID,67473536,Nairobi HQ,Teacher,YE,False,BRANCH,True,MEDIUM,2024-09-13 08:53:12
M100530,Ronald Hill,1971-07-06,Ronald Hill,PASSPORT,75794646,Nakuru,Trader,KE,False,AGENT,True,LOW,2024-05-20 11:56:36
M100531,Robert Smith,1997-05-05,Robert Smith,NATIONAL_ID,87080599,Nairobi HQ,Civil Servant,TZ,False,AGENT,True,LOW,2025-05-13 02:20:28
M100532,Christopher Morris,2006-03-30,Christopher Morris,PASSPORT,43825046,Eldoret,Trader,TZ,False,AGENT,True,MEDIUM,2023-11-30 04:03:51
M100533,Gregory Santana,1983-06-08,Gregory Santana,NATIONAL_ID,16596223,Nakuru,Trader,SO,False,AGENT,True,MEDIUM,2025-05-18 10:41:29
M100534,Jennifer Little,1958-07-25,Jennifer Little,PASSPORT,13507602,Thika,Teacher,PK,False,AGENT,True,MEDIUM,2024-08-23 08:27:08
M100535,Lori Moreno,1961-01-22,Lori Moreno,NATIONAL_ID,26100552,Nakuru,Student,SO,False,AGENT,True,LOW,2025-06-12 09:05:20
M100536,Sarah Rose,1974-10-09,Sarah Rose,PASSPORT,48025111,Kisumu,Trader,YE,False,ONLINE,True,LOW,2024-03-26 10:17:46
M100537,Holly Richmond,1992-06-09,Holly Richmond,NATIONAL_ID,84835853,Nakuru,Trader,SS,False,BRANCH,True,LOW,2025-01-25 16:04:17
M100538,Arthur Obrien,2002-06-09,Arthur Obrien,PASSPORT,79816412,Nakuru,Doctor,KE,False,ONLINE,True,LOW,2025-01-28 07:21:35
M100539,Kathy Murillo,1997-08-01,Kathy Murillo,NATIONAL_ID,27587826,Mombasa,Civil Servant,PK,False,AGENT,True,LOW,2024-01-13 06:28:17
M100540,Theresa Weaver,1986-11-26,Theresa Weaver,NATIONAL_ID,5721127,Nairobi HQ,Farmer,YE,False,ONLINE,True,HIGH,2023-12-19 18:05:33
M100541,Tara Hicks,1979-10-09,Tara Hicks,NATIONAL_ID,59522866,Nakuru,Teacher,KE,False,ONLINE,True,LOW,2025-02-07 18:57:02
M100542,Mary Roberts,1957-12-28,Mary Roberts,PASSPORT,86236061,Mombasa,Student,KE,False,AGENT,True,LOW,2025-08-05 12:35:10
M100543,Luke Bautista,1987-02-26,Luke Bautista,PASSPORT,66837001,Mombasa,Teacher,YE,False,ONLINE,True,MEDIUM,2025-02-01 14:55:26
M100544,Emily Morris,1981-10-16,Emily Morris,PASSPORT,4791750,Nakuru,Consultant,SS,False,BRANCH,True,MEDIUM,2025-10-09 16:56:24
M100545,Melinda Booth,1978-10-21,Melinda Booth,PASSPORT,62286241,Nakuru,Trader,TZ,False,BRANCH,True,MEDIUM,2024-08-26 17:39:28
M100546,Julie Noble,1956-12-24,Julie Noble,NATIONAL_ID,36135670,Nakuru,Farmer,UG,False,AGENT,True,LOW,2025-08-11 16:12:40
M100547,Brian Gomez,1986-05-19,Brian Gomez,PASSPORT,36419496,Nyeri,Teacher,KE,False,ONLINE,False,HIGH,2024-08-26 00:53:17
M100548,Joseph Ware,1982-04-14,Joseph Ware,PASSPORT,79158839,Eldoret,Farmer,SS,False,AGENT,True,LOW,2024-12-09 13:28:30
M100549,Joseph Burnett,1974-01-24,Joseph Burnett,PASSPORT,81389007,Kisumu,Civil Servant,KE,False,BRANCH,True,HIGH,2024-10-31 21:20:19
M100550,Richard Jones,1999-03-03,Richard Jones,PASSPORT,12189643,Mombasa,Farmer,TZ,False,ONLINE,True,LOW,2024-11-22 10:13:23
M100551,Brent Johnson,1964-02-12,Brent Johnson,PASSPORT,84401659,Mombasa,Student,TZ,False,AGENT,False,LOW,2025-08-06 14:36:33
M100552,Chad Taylor,1981-09-28,Chad Taylor,PASSPORT,29139148,Kisumu,Trader,TZ,False,BRANCH,True,LOW,2025-03-12 09:28:14
M100553,James Duran,1960-08-17,James Duran,NATIONAL_ID,9520522,Mombasa,Consultant,PK,False,AGENT,True,MEDIUM,2025-04-10 07:05:01
M100554,Katrina Weaver,1962-06-13,Katrina Weaver,NATIONAL_ID,75206561,Nakuru,Trader,UG,False,AGENT,True,LOW,2024-05-05 22:17:35
M100555,Maria Hughes,1992-03-05,Maria Hughes,NATIONAL_ID,31571519,Nakuru,Student,YE,False,BRANCH,True,MEDIUM,2024-05-22 13:28:48
M100556,Thomas Chaney,1970-06-17,Thomas Chaney,PASSPORT,1072085,Kisumu,Driver,UG,False,BRANCH,True,LOW,2025-07-14 10:49:06
M100557,Sophia Sullivan,1999-09-21,Sophia Sullivan,NATIONAL_ID,20546401,Eldoret,Farmer,KE,False,ONLINE,True,LOW,2025-10-24 13:59:31
M100558,Andrea Hernandez,1973-04-04,Andrea Hernandez,PASSPORT,79617634,Mombasa,Teacher,YE,False,ONLINE,True,LOW,2024-11-19 01:29:21
M100559,Matthew Hardin,1984-11-10,Matthew Hardin,PASSPORT,50032085,Eldoret,Student,ET,False,AGENT,True,MEDIUM,2025-02-05 07:04:45
M100560,Joseph Palmer,1958-07-07,Joseph Palmer,PASSPORT,58620959,Mombasa,Civil Servant,SS,False,AGENT,True,LOW,2024-02-26 02:28:19
M100561,Joanna Gonzales,1986-02-17,Joanna Gonzales,NATIONAL_ID,24039496,Nairobi HQ,Consultant,PK,False,BRANCH,True,LOW,2024-06-26 06:02:57
M100562,Richard White,1983-08-21,Richard White,NATIONAL_ID,77683860,Mombasa,Student,ET,False,AGENT,True,LOW,2023-12-30 18:06:30
M100563,Teresa Dawson,1997-05-29,Teresa Dawson,NATIONAL_ID,41243863,Eldoret,Doctor,PK,False,ONLINE,True,LOW,2023-11-07 18:35:35
M100564,Nicole Chapman,1968-09-22,Nicole Chapman,NATIONAL_ID,73754887,Nakuru,Farmer,ET,False,ONLINE,True,HIGH,2025-01-12 08:41:55
M100565,Jeffrey Ford,2000-06-17,Jeffrey Ford,PASSPORT,59106344,Eldoret,Farmer,KE,False,AGENT,True,LOW,2025-07-11 17:14:00
M100566,Savannah Rodriguez,1977-05-17,Savannah Rodriguez,NATIONAL_ID,51007736,Mombasa,Farmer,UG,False,AGENT,True,LOW,2025-08-25 08:44:44
M100567,Angela Williams,1972-11-08,Angela Williams,NATIONAL_ID,47953727,Nairobi HQ,Trader,SO,False,ONLINE,True,LOW,2023-11-01 06:48:17
M100568,Hannah Duarte,1980-06-23,Hannah Duarte,PASSPORT,33145175,Thika,Doctor,PK,False,BRANCH,True,LOW,2024-03-20 12:42:01
M100569,Carol Powell,1989-03-17,Carol Powell,PASSPORT,45834096,Eldoret,Civil Servant,ET,False,BRANCH,True,LOW,2025-01-24 07:20:40
M100570,Michelle Wells,1989-06-29,Michelle Wells,NATIONAL_ID,81814713,Nairobi HQ,Farmer,SO,False,AGENT,True,LOW,2025-09-14 22:50:38
M100571,Christopher Tucker,1971-02-02,Christopher Tucker,PASSPORT,34093146,Mombasa,Farmer,ET,False,BRANCH,True,LOW,2025-10-04 04:27:19
M100572,Shawn Fisher,1996-10-23,Shawn Fisher,PASSPORT,57032412,Nairobi HQ,Doctor,UG,False,ONLINE,True,MEDIUM,2025-04-20 20:30:31
M100573,Cameron Crawford,1961-09-23,Cameron Crawford,PASSPORT,84480826,Nairobi HQ,Consultant,UG,False,AGENT,True,HIGH,2024-10-26 11:01:53
M100574,Amanda Calderon,1978-11-07,Amanda Calderon,NATIONAL_ID,73920225,Eldoret,Trader,PK,False,ONLINE,True,LOW,2025-04-05 21:09:22
M100575,Karen Baldwin,1965-07-13,Karen Baldwin,NATIONAL_ID,97878077,Nakuru,Trader,UG,False,AGENT,True,MEDIUM,2024-10-15 14:27:50
M100576,James James,1987-12-21,James James,NATIONAL_ID,68222813,Kisumu,Civil Servant,ET,False,ONLINE,True,LOW,2025-07-06 13:24:24
M100577,Garrett Dominguez,1970-11-16,Garrett Dominguez,NATIONAL_ID,85859849,Mombasa,Trader,KE,True,ONLINE,True,LOW,2025-03-05 19:54:15
M100578,Gina Barrett,1990-05-30,Gina Barrett,NATIONAL_ID,24925859,Kisumu,Doctor,ET,False,ONLINE,True,LOW,2025-07-25 08:15:25
M100579,Michele Cameron,1956-10-22,Michele Cameron,PASSPORT,95656859,Thika,Trader,ET,False,AGENT,True,MEDIUM,2024-03-16 06:26:31
M100580,David Smith,1979-04-24,David Smith,PASSPORT,78569280,Nyeri,Farmer,PK,False,BRANCH,True,LOW,2024-06-22 14:02:34
M100581,Traci Simon,1997-02-19,Traci Simon,NATIONAL_ID,12294122,Nyeri,Student,YE,False,ONLINE,False,LOW,2025-01-19 12:27:59
M100582,Natalie Rios,1996-10-13,Natalie Rios,NATIONAL_ID,22429463,Mombasa,Driver,TZ,False,ONLINE,True,MEDIUM,2025-01-24 05:02:52
M100583,Michael James,1978-10-21,Michael James,NATIONAL_ID,53263434,Nairobi HQ,Farmer,TZ,False,AGENT,True,LOW,2024-01-17 06:26:51
M100584,Russell Adams,1965-02-18,Russell Adams,NATIONAL_ID,47409018,Thika,Teacher,UG,False,ONLINE,True,MEDIUM,2024-11-28 19:30:55
M100585,Maria Mitchell,1965-06-09,Maria Mitchell,PASSPORT,19776082,Nakuru,Civil Servant,KE,False,BRANCH,True,LOW,2024-08-06 13:54:59
M100586,David Johnson,1956-11-22,David Johnson,NATIONAL_ID,8202461,Nakuru,Doctor,KE,False,BRANCH,False,LOW,2024-07-02 15:25:27
M100587,Justin Horne,1990-11-19,Justin Horne,NATIONAL_ID,20242890,Nairobi HQ,Farmer,SO,False,ONLINE,True,HIGH,2024-04-29 17:58:22
M100588,John Hill,2005-01-23,John Hill,PASSPORT,896694,Nairobi HQ,Civil Servant,SO,False,ONLINE,True,LOW,2024-08-29 00:46:23
M100589,David Atkins,1994-11-19,David Atkins,PASSPORT,81806170,Nakuru,Farmer,KE,False,AGENT,True,LOW,2025-01-25 22:38:38
M100590,Mark Soto,1975-07-28,Mark Soto,PASSPORT,36616237,Nakuru,Consultant,YE,False,ONLINE,True,MEDIUM,2024-12-09 16:12:31
M100591,Frank Fowler,1986-05-03,Frank Fowler,NATIONAL_ID,83642102,Nakuru,Doctor,UG,False,BRANCH,True,LOW,2024-10-27 15:56:05
M100592,Amber Abbott,1972-02-06,Amber Abbott,PASSPORT,81906315,Kisumu,Doctor,SS,False,ONLINE,True,MEDIUM,2025-07-15 03:32:47
M100593,Brandon Mason,2004-09-19,Brandon Mason,NATIONAL_ID,3117030,Kisumu,Civil Servant,ET,False,AGENT,True,LOW,2024-03-13 00:36:56
M100594,Lisa Gill,1964-06-30,Lisa Gill,PASSPORT,66569752,Nairobi HQ,Driver,SO,False,AGENT,True,LOW,2024-07-09 10:43:46
M100595,Dillon Oliver,1958-05-30,Dillon Oliver,PASSPORT,17206002,Thika,Doctor,SO,False,AGENT,True,HIGH,2025-03-02 23:40:04
M100596,Matthew Parsons,2003-07-06,Matthew Parsons,PASSPORT,97686829,Thika,Doctor,KE,False,AGENT,True,LOW,2025-02-25 11:26:39
M100597,Lori Ferguson,1997-10-05,Lori Ferguson,NATIONAL_ID,53925502,Nakuru,Trader,SO,False,AGENT,True,MEDIUM,2025-04-18 19:08:16
M100598,Robert Richardson,1992-11-22,Robert Richardson,NATIONAL_ID,15421796,Nakuru,Trader,UG,False,BRANCH,True,MEDIUM,2024-03-12 20:41:37
M100599,Christina Rodriguez,1979-07-09,Christina Rodriguez,NATIONAL_ID,70152097,Thika,Driver,SO,False,BRANCH,False,LOW,2025-07-20 04:28:33
M100600,Benjamin Hart,1956-05-11,Benjamin Hart,PASSPORT,22094102,Nakuru,Student,SO,False,BRANCH,True,MEDIUM,2025-07-21 02:01:01
M100601,Melissa Garcia,1983-05-21,Melissa Garcia,NATIONAL_ID,69753515,Nairobi HQ,Doctor,YE,False,AGENT,True,LOW,2024-04-13 21:30:03
M100602,Nathan Hunt,1977-11-02,Nathan Hunt,NATIONAL_ID,92088929,Nairobi HQ,Student,UG,True,ONLINE,True,MEDIUM,2024-11-06 12:30:55
M100603,Stanley Campbell,1959-07-26,Stanley Campbell,PASSPORT,88809320,Nyeri,Consultant,YE,False,ONLINE,True,LOW,2023-11-11 08:49:15
M100604,Thomas Duffy,1993-11-24,Thomas Duffy,NATIONAL_ID,15491406,Nakuru,Doctor,KE,False,ONLINE,True,MEDIUM,2025-07-11 17:17:38
M100605,Brenda Garcia,1994-05-22,Brenda Garcia,PASSPORT,2174217,Nairobi HQ,Trader,ET,False,BRANCH,True,LOW,2024-05-03 12:13:16
M100606,Martin David,1976-10-08,Martin David,PASSPORT,36323518,Kisumu,Driver,ET,False,ONLINE,True,HIGH,2025-02-07 18:00:25
M100607,John Potter,1997-10-20,John Potter,PASSPORT,22557878,Thika,Consultant,YE,False,AGENT,True,LOW,2024-05-16 05:01:26
M100608,Jasmine Massey,2006-12-24,Jasmine Massey,PASSPORT,95825406,Nakuru,Consultant,YE,False,ONLINE,True,LOW,2025-04-26 14:16:28
M100609,Cynthia Church,1970-04-01,Cynthia Church,NATIONAL_ID,47498395,Mombasa,Doctor,KE,False,ONLINE,True,LOW,2025-09-22 03:32:26
M100610,Shannon Lucas,1999-02-28,Shannon Lucas,NATIONAL_ID,74453776,Nyeri,Teacher,SS,False,AGENT,True,LOW,2023-11-05 19:30:31
M100611,John Thompson,1976-07-28,John Thompson,PASSPORT,53985543,Thika,Driver,SO,False,ONLINE,False,LOW,2024-04-24 03:45:41
M100612,Joann Kim,1960-03-15,Joann Kim,PASSPORT,1870391,Thika,Student,YE,False,BRANCH,True,MEDIUM,2024-11-21 07:35:41
M100613,William Johnson,1969-12-03,William Johnson,PASSPORT,92459199,Nyeri,Farmer,SO,False,AGENT,True,MEDIUM,2025-04-28 14:45:38
M100614,Gloria Mcclure,2007-06-25,Gloria Mcclure,PASSPORT,66333942,Nairobi HQ,Driver,SS,False,ONLINE,True,LOW,2024-09-08 19:23:05
M100615,David Smith,1978-09-10,David Smith,PASSPORT,1172954,Nakuru,Farmer,YE,False,BRANCH,True,LOW,2025-06-12 11:10:08
M100616,Robert Hebert,1996-11-09,Robert Hebert,PASSPORT,99735177,Nyeri,Student,KE,False,AGENT,True,LOW,2025-01-26 22:51:32
M100617,James Evans,2000-02-29,James Evans,PASSPORT,32711979,Kisumu,Farmer,ET,False,ONLINE,True,LOW,2025-01-15 11:59:51
M100618,Brian Ayala,1975-09-26,Brian Ayala,PASSPORT,88358712,Eldoret,Teacher,SO,False,ONLINE,True,LOW,2024-03-16 21:08:00
M100619,Timothy Lane,1976-02-22,Timothy Lane,NATIONAL_ID,52370512,Kisumu,Student,SO,False,AGENT,True,LOW,2025-08-09 06:52:47
M100620,Christopher Aguilar,1959-09-22,Christopher Aguilar,NATIONAL_ID,23491770,Nakuru,Consultant,SO,False,AGENT,True,MEDIUM,2025-05-31 07:43:31
M100621,Jesse Rodriguez,2002-12-22,Jesse Rodriguez,NATIONAL_ID,3069348,Kisumu,Teacher,YE,False,ONLINE,True,LOW,2024-08-20 03:38:23
M100622,Elizabeth Reyes,1974-02-21,Elizabeth Reyes,NATIONAL_ID,73850816,Thika,Trader,YE,False,ONLINE,True,MEDIUM,2025-06-07 01:51:09
M100623,Jessica Peterson,1962-12-24,Jessica Peterson,PASSPORT,74311818,Nyeri,Doctor,SO,False,BRANCH,True,LOW,2024-05-13 07:37:32
M100624,Victoria Goodwin,2001-10-05,Victoria Goodwin,PASSPORT,42928771,Nyeri,Consultant,SO,False,AGENT,True,LOW,2024-04-12 19:32:22
M100625,Angela Ramirez,1997-11-24,Angela Ramirez,NATIONAL_ID,37907037,Kisumu,Driver,TZ,False,AGENT,True,MEDIUM,2024-07-31 17:43:26
M100626,Andrew Murphy,1968-04-05,Andrew Murphy,NATIONAL_ID,95051124,Nairobi HQ,Teacher,PK,False,ONLINE,True,MEDIUM,2024-05-07 01:12:16
M100627,Jesse Stewart,1976-09-05,Jesse Stewart,PASSPORT,63277631,Eldoret,Teacher,PK,False,ONLINE,True,LOW,2024-01-22 06:07:56
M100628,Russell Dean,1976-12-26,Russell Dean,PASSPORT,26805847,Nairobi HQ,Teacher,YE,False,AGENT,True,MEDIUM,2024-10-06 19:32:16
M100629,Bradley Pugh,2007-08-09,Bradley Pugh,NATIONAL_ID,68110338,Kisumu,Teacher,UG,False,ONLINE,True,LOW,2023-12-25 07:46:58
M100630,Amy Knight,2004-03-14,Amy Knight,PASSPORT,95497251,Eldoret,Trader,KE,False,BRANCH,True,MEDIUM,2025-04-28 05:29:22
M100631,Colton Morgan,1960-11-29,Colton Morgan,PASSPORT,20061121,Kisumu,Doctor,SO,False,AGENT,True,LOW,2023-11-10 14:01:17
M100632,Madison Cooper,2007-03-30,Madison Cooper,NATIONAL_ID,40649943,Kisumu,Student,KE,False,BRANCH,True,LOW,2025-05-30 01:47:30
M100633,John Gonzalez,1998-03-02,John Gonzalez,PASSPORT,53283997,Kisumu,Trader,YE,False,BRANCH,True,LOW,2024-01-01 21:24:55
M100634,Jay Brown,1970-08-29,Jay Brown,PASSPORT,48901990,Eldoret,Driver,SS,False,BRANCH,True,LOW,2025-03-17 19:20:17
M100635,Lauren Grimes,1996-11-09,Lauren Grimes,PASSPORT,17483338,Nakuru,Doctor,ET,False,ONLINE,True,LOW,2024-01-22 10:01:37
M100636,Nicole Young,1978-08-23,Nicole Young,PASSPORT,5591657,Nakuru,Civil Servant,TZ,False,BRANCH,True,MEDIUM,2024-09-28 03:31:16
M100637,Bruce Fernandez,1973-05-24,Bruce Fernandez,NATIONAL_ID,69523048,Mombasa,Student,TZ,False,BRANCH,True,LOW,2025-03-22 11:03:17
M100638,Melissa Neal,1960-05-31,Melissa Neal,PASSPORT,25778112,Nairobi HQ,Driver,SO,False,BRANCH,True,LOW,2025-02-28 05:28:02
M100639,Kathryn Warner,1973-03-21,Kathryn Warner,PASSPORT,34598701,Kisumu,Civil Servant,UG,False,ONLINE,True,MEDIUM,2024-02-08 00:34:18
M100640,Michael Williams,1959-06-13,Michael Williams,PASSPORT,56198587,Thika,Student,KE,False,AGENT,True,LOW,2025-04-09 09:47:57
M100641,Christopher Lee,2001-03-05,Christopher Lee,NATIONAL_ID,29714412,Nakuru,Student,PK,False,ONLINE,True,LOW,2024-09-12 18:45:00
M100642,Marco Bean,1976-06-05,Marco Bean,PASSPORT,92312484,Mombasa,Doctor,PK,False,BRANCH,True,LOW,2025-04-19 03:51:44
M100643,Valerie Bowen,1977-02-20,Valerie Bowen,PASSPORT,80569719,Mombasa,Consultant,UG,False,BRANCH,True,LOW,2024-04-10 06:24:34
M100644,Diana Thompson,1973-01-21,Diana Thompson,NATIONAL_ID,76592169,Nyeri,Consultant,ET,False,ONLINE,True,MEDIUM,2025-07-08 16:43:41
M100645,Kenneth Kennedy,1985-05-31,Kenneth Kennedy,NATIONAL_ID,49574429,Thika,Trader,SO,False,AGENT,True,LOW,2024-05-13 10:17:05
M100646,Wayne Miller,1992-06-01,Wayne Miller,NATIONAL_ID,6895404,Nairobi HQ,Doctor,SO,False,BRANCH,True,LOW,2025-05-18 11:08:00
M100647,Mark Campbell,1964-12-04,Mark Campbell,NATIONAL_ID,50288610,Nakuru,Consultant,ET,False,ONLINE,True,MEDIUM,2024-05-30 09:32:13
M100648,Robert Evans,1998-07-12,Robert Evans,NATIONAL_ID,31276404,Nairobi HQ,Civil Servant,UG,False,AGENT,False,LOW,2024-03-31 14:02:20
M100649,Patrick Schaefer,1980-02-25,Patrick Schaefer,NATIONAL_ID,55139689,Nakuru,Student,UG,False,BRANCH,False,LOW,2024-01-17 12:11:21
M100650,Eduardo Hoffman,1969-02-27,Eduardo Hoffman,PASSPORT,83924826,Thika,Consultant,ET,True,ONLINE,True,MEDIUM,2025-07-28 15:38:25
M100651,Brian Conner,1979-07-19,Brian Conner,NATIONAL_ID,54149303,Mombasa,Doctor,PK,False,BRANCH,True,MEDIUM,2024-09-04 01:20:08
M100652,Sara Page,1965-05-09,Sara Page,PASSPORT,90466071,Kisumu,Consultant,YE,False,ONLINE,True,HIGH,2025-10-23 22:52:48
M100653,Christie Turner,1992-12-21,Christie Turner,NATIONAL_ID,62663440,Kisumu,Student,PK,False,BRANCH,True,LOW,2024-07-27 01:49:21
M100654,Kara Jennings,1963-04-30,Kara Jennings,PASSPORT,57101975,Nairobi HQ,Teacher,TZ,False,ONLINE,True,HIGH,2025-10-22 08:01:05
M100655,Christine Ford,2003-04-12,Christine Ford,NATIONAL_ID,52703057,Nakuru,Teacher,ET,False,BRANCH,True,MEDIUM,2024-12-02 11:08:54
M100656,James Cunningham,1987-02-18,James Cunningham,NATIONAL_ID,5025686,Kisumu,Driver,PK,False,AGENT,True,LOW,2024-07-06 07:39:46
M100657,Brittany Erickson,1964-12-13,Brittany Erickson,NATIONAL_ID,800474,Kisumu,Teacher,UG,False,AGENT,True,LOW,2023-11-14 15:04:29
M100658,Timothy Lopez,1976-06-15,Timothy Lopez,NATIONAL_ID,4552331,Eldoret,Student,ET,False,ONLINE,True,MEDIUM,2023-11-23 12:59:03
M100659,Richard Jenkins,1968-04-03,Richard Jenkins,PASSPORT,41659860,Nyeri,Doctor,SS,False,ONLINE,True,LOW,2023-12-20 03:50:00
M100660,Matthew Garcia,1956-11-05,Matthew Garcia,NATIONAL_ID,82966339,Eldoret,Civil Servant,KE,False,BRANCH,True,LOW,2024-05-19 12:01:07
M100661,John Atkinson,1965-07-31,John Atkinson,NATIONAL_ID,37944442,Nyeri,Doctor,SO,False,ONLINE,True,LOW,2024-12-23 15:19:11
M100662,Heather Pugh,1972-11-21,Heather Pugh,PASSPORT,90040900,Nyeri,Trader,SO,False,AGENT,True,LOW,2025-07-08 23:50:31
M100663,Colin Ray,1989-05-07,Colin Ray,PASSPORT,24112404,Nairobi HQ,Trader,PK,False,ONLINE,True,LOW,2024-03-18 17:56:00
M100664,Christian Silva,1961-09-11,Christian Silva,PASSPORT,30078621,Nakuru,Doctor,ET,False,AGENT,True,LOW,2025-01-21 12:18:45
M100665,James Nelson,1966-06-16,James Nelson,PASSPORT,21244401,Nairobi HQ,Doctor,SS,False,AGENT,True,MEDIUM,2024-10-04 11:19:36
M100666,Christopher Rogers,1991-04-11,Christopher Rogers,NATIONAL_ID,90089798,Kisumu,Student,SO,False,BRANCH,True,HIGH,2025-10-05 15:24:29
M100667,Rebecca Butler,1986-03-27,Rebecca Butler,NATIONAL_ID,91445890,Nakuru,Doctor,UG,False,AGENT,True,LOW,2025-06-19 07:14:21
M100668,Laurie Williamson,1988-08-03,Laurie Williamson,NATIONAL_ID,96120434,Thika,Civil Servant,SS,False,AGENT,True,MEDIUM,2024-08-10 21:59:22
M100669,Jason Perkins,1979-05-02,Jason Perkins,PASSPORT,74068689,Nyeri,Consultant,SS,False,AGENT,True,MEDIUM,2024-04-15 08:16:34
M100670,Veronica Harrison,1981-11-29,Veronica Harrison,NATIONAL_ID,65347079,Nairobi HQ,Consultant,KE,False,BRANCH,False,LOW,2024-02-15 04:44:17
M100671,Andrew Terry,1965-01-05,Andrew Terry,PASSPORT,88445587,Nyeri,Doctor,SO,False,BRANCH,True,LOW,2023-12-03 04:58:24
M100672,Andrea Barnes,1981-03-11,Andrea Barnes,PASSPORT,8355856,Nyeri,Student,PK,False,BRANCH,True,LOW,2023-11-03 03:51:45
M100673,Jennifer Preston,2004-04-14,Jennifer Preston,PASSPORT,71281376,Kisumu,Trader,UG,False,BRANCH,True,LOW,2025-07-12 20:43:57
M100674,Larry Matthews,2004-05-26,Larry Matthews,NATIONAL_ID,19148753,Thika,Teacher,SO,False,BRANCH,True,LOW,2024-12-22 05:00:24
M100675,Wendy Parker,2004-11-13,Wendy Parker,PASSPORT,11809587,Thika,Consultant,KE,False,ONLINE,False,LOW,2025-01-19 08:38:37
M100676,Christine Ramirez,2001-09-29,Christine Ramirez,NATIONAL_ID,4759982,Eldoret,Teacher,PK,False,BRANCH,True,MEDIUM,2024-12-22 23:58:10
M100677,Preston Mckenzie,1969-11-05,Preston Mckenzie,PASSPORT,43284342,Thika,Doctor,UG,False,ONLINE,True,LOW,2025-09-20 01:51:00
M100678,Victoria Harvey,1994-05-03,Victoria Harvey,NATIONAL_ID,40138515,Eldoret,Consultant,SO,False,AGENT,True,LOW,2024-10-14 03:19:48
M100679,Francisco Young,1994-12-11,Francisco Young,NATIONAL_ID,26913841,Eldoret,Student,PK,False,AGENT,True,LOW,2025-06-04 18:14:30
M100680,Jane Sanchez,1981-08-02,Jane Sanchez,NATIONAL_ID,23990455,Thika,Teacher,KE,False,BRANCH,True,LOW,2025-05-20 21:27:31
M100681,Antonio Gonzalez,2000-04-17,Antonio Gonzalez,NATIONAL_ID,15420250,Nairobi HQ,Consultant,TZ,False,BRANCH,False,MEDIUM,2025-07-25 06:55:49
M100682,Lisa Miller,1957-09-21,Lisa Miller,NATIONAL_ID,27383612,Nakuru,Driver,SS,False,ONLINE,True,HIGH,2024-11-27 18:37:15
M100683,Daniel Moore,1998-02-23,Daniel Moore,NATIONAL_ID,20232891,Kisumu,Farmer,SS,False,AGENT,True,LOW,2024-08-30 21:18:53
M100684,Michelle Whitney,2007-07-18,Michelle Whitney,NATIONAL_ID,41400010,Kisumu,Student,KE,False,AGENT,True,LOW,2024-07-09 00:37:30
M100685,Kristen Stanley,1978-04-12,Kristen Stanley,PASSPORT,87879274,Nairobi HQ,Farmer,ET,False,AGENT,False,MEDIUM,2025-01-26 13:54:40
M100686,Michael Ramirez,1958-05-17,Michael Ramirez,NATIONAL_ID,70422179,Nairobi HQ,Farmer,ET,False,ONLINE,True,LOW,2025-04-06 12:04:47
M100687,Jessica Wilson,1983-07-23,Jessica Wilson,PASSPORT,12622572,Thika,Consultant,SO,False,ONLINE,True,HIGH,2024-06-29 13:10:53
M100688,Anna Barton,1982-03-19,Anna Barton,NATIONAL_ID,23576919,Thika,Driver,TZ,False,ONLINE,True,MEDIUM,2025-01-28 11:25:52
M100689,Nicole Thomas,1983-03-31,Nicole Thomas,NATIONAL_ID,91771823,Nyeri,Driver,KE,False,ONLINE,True,LOW,2025-05-13 09:54:08
M100690,Christopher Landry,2002-11-04,Christopher Landry,NATIONAL_ID,58953561,Eldoret,Student,SO,True,BRANCH,True,MEDIUM,2024-07-22 06:27:44
M100691,Thomas Decker,1992-07-09,Thomas Decker,NATIONAL_ID,94421443,Nyeri,Teacher,TZ,False,AGENT,True,LOW,2024-10-03 14:16:03
M100692,Valerie Carroll,1957-05-22,Valerie Carroll,PASSPORT,22010090,Thika,Civil Servant,SS,False,ONLINE,True,MEDIUM,2024-06-25 00:41:20
M100693,Courtney Thomas,1980-02-14,Courtney Thomas,PASSPORT,41257082,Kisumu,Farmer,SS,False,AGENT,True,LOW,2025-06-24 16:50:04
M100694,Virginia Fuentes,1996-07-02,Virginia Fuentes,NATIONAL_ID,64097902,Thika,Farmer,KE,False,ONLINE,True,MEDIUM,2025-09-28 06:36:02
M100695,Samuel Rivera,2001-09-13,Samuel Rivera,PASSPORT,93578499,Eldoret,Consultant,SS,False,BRANCH,True,LOW,2025-07-14 14:54:59
M100696,Susan Nguyen,2003-10-12,Susan Nguyen,PASSPORT,86687244,Thika,Civil Servant,KE,False,ONLINE,False,MEDIUM,2024-03-07 13:06:28
M100697,Joshua Williams,1980-06-29,Joshua Williams,PASSPORT,84117563,Nairobi HQ,Civil Servant,SO,False,ONLINE,True,LOW,2023-12-08 22:01:40
M100698,Allen Ford,2005-10-11,Allen Ford,NATIONAL_ID,39442685,Mombasa,Student,YE,False,ONLINE,True,LOW,2024-08-23 02:35:01
M100699,Daniel Grant,1957-08-27,Daniel Grant,PASSPORT,1577127,Nyeri,Doctor,SS,False,ONLINE,True,LOW,2024-04-23 05:00:52
M100700,Kim Mcconnell,2006-02-12,Kim Mcconnell,PASSPORT,10780259,Eldoret,Farmer,PK,False,BRANCH,True,LOW,2025-06-13 07:27:18
M100701,Michael Wilson,1968-02-28,Michael Wilson,PASSPORT,72283584,Nairobi HQ,Doctor,ET,False,ONLINE,True,LOW,2025-05-13 14:57:46
M100702,Timothy Cisneros,1963-11-05,Timothy Cisneros,NATIONAL_ID,44347539,Thika,Farmer,YE,False,AGENT,True,MEDIUM,2025-01-30 18:56:35
M100703,Kimberly Huber,1987-03-09,Kimberly Huber,NATIONAL_ID,91439159,Thika,Consultant,UG,False,AGENT,True,LOW,2025-03-02 01:58:10
M100704,Gary Mason,1977-06-28,Gary Mason,PASSPORT,77385938,Nairobi HQ,Student,YE,False,ONLINE,True,LOW,2025-07-19 00:23:22
M100705,Benjamin Owens,1991-04-02,Benjamin Owens,PASSPORT,41680649,Eldoret,Farmer,TZ,False,ONLINE,True,MEDIUM,2025-02-06 11:55:04
M100706,Timothy Campbell,1992-11-06,Timothy Campbell,NATIONAL_ID,62439026,Thika,Trader,SO,False,BRANCH,True,LOW,2024-10-04 12:09:29
M100707,Daniel Thompson,1985-11-12,Daniel Thompson,PASSPORT,71606942,Eldoret,Teacher,TZ,False,AGENT,True,LOW,2024-01-18 16:03:12
M100708,Joseph Gonzalez,1956-12-10,Joseph Gonzalez,PASSPORT,36167127,Nakuru,Farmer,TZ,False,ONLINE,True,LOW,2024-10-29 01:20:30
M100709,Hailey Richards,1983-12-26,Hailey Richards,PASSPORT,1405013,Nyeri,Civil Servant,YE,False,BRANCH,True,HIGH,2024-06-06 11:24:51
M100710,Paul Martinez,2007-07-15,Paul Martinez,PASSPORT,26065402,Kisumu,Teacher,SO,False,ONLINE,True,LOW,2025-06-22 23:45:30
M100711,Lisa Koch,1992-11-04,Lisa Koch,PASSPORT,6610619,Mombasa,Civil Servant,YE,False,AGENT,False,LOW,2024-12-05 12:27:07
M100712,Brian Brown,1985-02-24,Brian Brown,NATIONAL_ID,5671504,Nakuru,Student,TZ,False,BRANCH,True,LOW,2024-11-05 09:13:53
M100713,Devon Williams,1980-12-31,Devon Williams,NATIONAL_ID,74668447,Nyeri,Teacher,KE,False,BRANCH,True,MEDIUM,2025-02-18 09:06:44
M100714,Randall Petersen,1986-12-03,Randall Petersen,PASSPORT,2307614,Nakuru,Civil Servant,UG,False,ONLINE,True,LOW,2025-04-17 19:52:55
M100715,Bobby Nguyen,1965-11-20,Bobby Nguyen,PASSPORT,62834861,Eldoret,Trader,YE,False,ONLINE,True,MEDIUM,2024-06-22 21:25:25
M100716,Laura Mclean,1988-03-16,Laura Mclean,PASSPORT,76428007,Nyeri,Driver,SS,False,BRANCH,True,MEDIUM,2025-10-11 19:27:05
M100717,Veronica Adams,1999-06-29,Veronica Adams,PASSPORT,9292287,Eldoret,Farmer,TZ,False,BRANCH,True,LOW,2024-09-15 09:45:22
M100718,Paul Hernandez,1964-02-03,Paul Hernandez,NATIONAL_ID,6246057,Nakuru,Trader,TZ,False,ONLINE,True,MEDIUM,2024-10-17 08:23:55
M100719,Bradley Dillon,2001-09-14,Bradley Dillon,NATIONAL_ID,6941060,Nairobi HQ,Farmer,ET,False,ONLINE,True,LOW,2024-02-08 20:12:20
M100720,William Cooper,1965-12-26,William Cooper,NATIONAL_ID,1480070,Mombasa,Driver,SO,False,AGENT,True,LOW,2024-10-23 22:54:19
M100721,Tracey Moreno,1995-08-01,Tracey Moreno,PASSPORT,84852483,Nakuru,Farmer,YE,False,BRANCH,True,LOW,2023-12-02 06:06:52
M100722,Lisa Steele,1990-08-09,Lisa Steele,NATIONAL_ID,64085314,Nairobi HQ,Teacher,YE,False,BRANCH,True,LOW,2024-01-11 03:32:21
M100723,Belinda Phillips,2004-06-28,Belinda Phillips,NATIONAL_ID,1398799,Nyeri,Student,PK,False,BRANCH,True,MEDIUM,2024-04-17 15:59:16
M100724,Tiffany Cruz,1956-08-23,Tiffany Cruz,NATIONAL_ID,91291812,Nyeri,Trader,YE,False,AGENT,True,MEDIUM,2024-03-14 19:24:21
M100725,Thomas Rose,1972-10-30,Thomas Rose,NATIONAL_ID,63694911,Nakuru,Driver,PK,False,ONLINE,True,LOW,2024-02-29 09:07:19
M100726,Amber Evans,1974-12-05,Amber Evans,NATIONAL_ID,88018466,Kisumu,Doctor,SO,False,AGENT,True,LOW,2023-12-21 22:27:33
M100727,Howard Adams,1969-01-17,Howard Adams,NATIONAL_ID,32089748,Eldoret,Consultant,SS,False,ONLINE,True,LOW,2025-06-30 00:26:15
M100728,Amy Butler,2006-07-30,Amy Butler,PASSPORT,3858066,Mombasa,Civil Servant,PK,False,AGENT,True,LOW,2023-11-24 16:50:23
M100729,Shaun Blanchard,1961-04-18,Shaun Blanchard,NATIONAL_ID,83141932,Mombasa,Teacher,SO,False,BRANCH,False,MEDIUM,2024-03-21 03:40:18
M100730,Gregory Silva,1990-02-14,Gregory Silva,PASSPORT,12446612,Nairobi HQ,Doctor,UG,False,BRANCH,True,LOW,2024-10-15 07:37:32
M100731,Tony Walsh,1988-08-07,Tony Walsh,NATIONAL_ID,21485334,Nyeri,Consultant,SO,True,ONLINE,False,LOW,2025-07-21 06:44:02
M100732,Patrick Carter,1977-06-17,Patrick Carter,NATIONAL_ID,10022686,Nakuru,Doctor,ET,False,AGENT,True,MEDIUM,2024-03-02 09:17:16
M100733,Victor Clark,1956-07-13,Victor Clark,PASSPORT,497725,Nyeri,Student,TZ,False,BRANCH,True,LOW,2024-06-30 10:15:00
M100734,Matthew Gallagher,1965-05-21,Matthew Gallagher,NATIONAL_ID,23744403,Kisumu,Driver,TZ,False,ONLINE,True,MEDIUM,2024-11-14 17:58:16
M100735,Sherry Rogers,1994-06-13,Sherry Rogers,NATIONAL_ID,62395438,Mombasa,Student,SS,False,AGENT,True,MEDIUM,2024-12-04 15:27:30
M100736,Shawn Ali,1972-10-23,Shawn Ali,PASSPORT,83086640,Eldoret,Civil Servant,YE,False,BRANCH,True,MEDIUM,2025-07-11 18:07:33
M100737,Adam Jimenez,2002-11-04,Adam Jimenez,NATIONAL_ID,28063185,Nakuru,Trader,SO,True,AGENT,False,LOW,2024-06-01 07:18:38
M100738,Amy Zamora,1959-09-07,Amy Zamora,NATIONAL_ID,40193407,Nairobi HQ,Teacher,UG,False,AGENT,True,LOW,2024-09-04 18:16:52
M100739,Katherine Smith,2004-11-20,Katherine Smith,NATIONAL_ID,17427574,Nakuru,Student,SS,False,AGENT,True,MEDIUM,2024-02-01 22:56:33
M100740,Travis Wyatt,1962-04-17,Travis Wyatt,PASSPORT,80621864,Kisumu,Driver,TZ,True,BRANCH,True,LOW,2025-05-06 18:01:22
M100741,Gregory Sanders,1982-01-30,Gregory Sanders,PASSPORT,50848777,Nakuru,Doctor,PK,False,ONLINE,True,LOW,2024-03-25 19:18:01
M100742,Jose Ramos,1956-09-18,Jose Ramos,NATIONAL_ID,31813488,Thika,Doctor,PK,False,ONLINE,True,LOW,2024-06-29 03:30:07
M100743,Sarah Herrera,1995-03-23,Sarah Herrera,NATIONAL_ID,5600435,Kisumu,Driver,YE,False,ONLINE,True,LOW,2025-04-03 07:36:43
M100744,Alexander Smith,1990-10-30,Alexander Smith,PASSPORT,9623480,Eldoret,Doctor,ET,True,AGENT,True,LOW,2024-02-19 10:50:20
M100745,Crystal Barnett,1990-05-13,Crystal Barnett,PASSPORT,13298430,Nakuru,Teacher,ET,False,AGENT,True,LOW,2025-02-23 00:47:31
M100746,Steven Hernandez,1995-07-02,Steven Hernandez,NATIONAL_ID,85735447,Nyeri,Civil Servant,UG,False,BRANCH,True,MEDIUM,2024-12-19 00:56:05
M100747,Christine Flores,1981-03-26,Christine Flores,PASSPORT,91186732,Mombasa,Teacher,SO,False,BRANCH,True,MEDIUM,2024-10-22 16:35:54
M100748,Rebecca Solomon,1985-02-21,Rebecca Solomon,PASSPORT,23369908,Eldoret,Consultant,PK,False,ONLINE,True,HIGH,2024-05-13 14:12:57
M100749,Melissa Black,1976-09-23,Melissa Black,NATIONAL_ID,79634589,Eldoret,Farmer,PK,False,ONLINE,True,HIGH,2025-02-24 15:33:27
M100750,Lisa Obrien,1969-07-06,Lisa Obrien,PASSPORT,25372550,Thika,Civil Servant,PK,False,AGENT,True,MEDIUM,2025-01-24 10:57:35
M100751,Stacie Williams,1977-06-24,Stacie Williams,PASSPORT,96402586,Kisumu,Teacher,UG,False,ONLINE,True,LOW,2024-03-29 22:23:18
M100752,Tara Robinson,1972-09-14,Tara Robinson,PASSPORT,25263091,Nakuru,Doctor,ET,False,BRANCH,True,HIGH,2023-12-29 14:36:40
M100753,Jonathan Smith,1995-04-10,Jonathan Smith,PASSPORT,57674619,Nyeri,Civil Servant,ET,False,BRANCH,True,MEDIUM,2024-01-13 21:34:03
M100754,Kelly Soto,2005-02-10,Kelly Soto,NATIONAL_ID,87145448,Nairobi HQ,Trader,SO,False,ONLINE,False,LOW,2024-06-27 12:15:48
M100755,David Osborne,1964-02-14,David Osborne,PASSPORT,81875619,Eldoret,Farmer,SO,False,ONLINE,True,LOW,2025-10-03 06:49:48
M100756,Donna Hunter,1982-08-15,Donna Hunter,PASSPORT,42142640,Nakuru,Farmer,YE,False,ONLINE,True,LOW,2024-02-25 15:24:20
M100757,Zachary Mcintyre,1993-10-17,Zachary Mcintyre,PASSPORT,94132471,Eldoret,Farmer,YE,False,ONLINE,True,LOW,2025-05-10 07:30:48
M100758,Eric Davis,1992-08-17,Eric Davis,NATIONAL_ID,99167260,Nyeri,Student,KE,False,BRANCH,True,HIGH,2023-11-24 06:38:56
M100759,Angela Molina,1972-09-17,Angela Molina,PASSPORT,35000900,Nyeri,Student,SO,False,AGENT,False,LOW,2025-05-27 04:24:17
M100760,Jason Obrien,1980-08-13,Jason Obrien,NATIONAL_ID,15850864,Kisumu,Farmer,PK,False,ONLINE,False,HIGH,2024-09-15 22:34:55
M100761,Aaron Lowe,1996-02-03,Aaron Lowe,PASSPORT,82387586,Nairobi HQ,Farmer,TZ,False,ONLINE,True,LOW,2025-03-13 19:30:52
M100762,Benjamin Jones,1958-04-26,Benjamin Jones,PASSPORT,46559034,Eldoret,Doctor,SS,False,BRANCH,True,LOW,2025-09-02 16:43:42
M100763,Randy Small,1968-02-20,Randy Small,PASSPORT,40879875,Mombasa,Farmer,KE,False,ONLINE,True,LOW,2025-04-03 07:28:41
M100764,Erica Watkins,2003-04-10,Erica Watkins,NATIONAL_ID,12918000,Mombasa,Farmer,UG,False,ONLINE,True,LOW,2025-02-18 20:33:39
M100765,Mallory Aguilar,2005-12-10,Mallory Aguilar,PASSPORT,60286947,Kisumu,Doctor,KE,False,ONLINE,True,MEDIUM,2025-07-05 03:53:25
M100766,Janet Burke,2005-09-11,Janet Burke,PASSPORT,57549878,Mombasa,Farmer,SS,False,ONLINE,True,LOW,2025-07-21 09:23:14
M100767,Christopher Williams,1989-07-31,Christopher Williams,PASSPORT,61591344,Nairobi HQ,Student,KE,False,ONLINE,True,MEDIUM,2024-05-25 14:48:19
M100768,Brian Greer,1959-02-22,Brian Greer,NATIONAL_ID,25805405,Nairobi HQ,Trader,TZ,False,BRANCH,True,MEDIUM,2024-07-12 11:51:27
M100769,Hannah Cole,1959-08-21,Hannah Cole,PASSPORT,3313008,Kisumu,Driver,UG,False,BRANCH,True,LOW,2025-04-23 23:47:20
M100770,Anthony Hardin,2002-06-19,Anthony Hardin,PASSPORT,70774394,Mombasa,Student,UG,False,AGENT,True,MEDIUM,2024-09-07 06:30:07
M100771,Rebekah Lawrence,1970-02-22,Rebekah Lawrence,PASSPORT,84244222,Thika,Doctor,TZ,False,AGENT,True,LOW,2025-09-09 14:16:06
M100772,Whitney Owen,1993-08-26,Whitney Owen,PASSPORT,98879114,Kisumu,Civil Servant,SO,False,ONLINE,True,MEDIUM,2024-11-24 20:03:25
M100773,Daniel Hood,1976-06-30,Daniel Hood,PASSPORT,62694992,Mombasa,Doctor,PK,False,AGENT,True,LOW,2024-05-07 05:20:58
M100774,Brendan Martin,1966-01-28,Brendan Martin,NATIONAL_ID,50745808,Nakuru,Consultant,YE,False,ONLINE,True,MEDIUM,2024-08-22 02:17:39
M100775,Andrew Hart,1993-08-18,Andrew Hart,PASSPORT,3985306,Eldoret,Driver,YE,False,BRANCH,True,MEDIUM,2024-01-12 09:29:46
M100776,Ashley Williams,1980-06-15,Ashley Williams,NATIONAL_ID,60987642,Nairobi HQ,Doctor,SS,False,BRANCH,True,LOW,2024-04-08 16:29:43
M100777,Shannon Clark,1980-05-07,Shannon Clark,NATIONAL_ID,40420285,Kisumu,Student,KE,False,BRANCH,True,LOW,2025-01-14 14:55:40
M100778,Manuel Mason,1959-11-30,Manuel Mason,PASSPORT,4497532,Nairobi HQ,Consultant,SS,False,BRANCH,False,LOW,2025-01-20 09:07:49
M100779,Arthur Roberts,1986-07-31,Arthur Roberts,NATIONAL_ID,36731169,Nairobi HQ,Consultant,KE,False,BRANCH,True,LOW,2025-05-26 09:45:10
M100780,Tyler Summers,1961-12-26,Tyler Summers,PASSPORT,60667636,Thika,Student,TZ,False,AGENT,True,MEDIUM,2024-12-27 08:28:25
M100781,Jennifer Hodge,1992-07-19,Jennifer Hodge,NATIONAL_ID,15129643,Kisumu,Teacher,KE,False,ONLINE,True,MEDIUM,2024-04-30 23:21:50
M100782,Adrienne King,1978-08-27,Adrienne King,PASSPORT,53849811,Kisumu,Farmer,SO,False,BRANCH,True,LOW,2024-06-05 09:26:03
M100783,Jonathan Smith,1973-08-17,Jonathan Smith,PASSPORT,80807026,Nyeri,Student,KE,True,ONLINE,True,LOW,2024-05-08 10:22:28
M100784,Yvonne Weaver,1962-12-30,Yvonne Weaver,PASSPORT,52978275,Kisumu,Civil Servant,TZ,False,ONLINE,False,LOW,2024-01-16 07:34:23
M100785,Nathan Lamb,1994-09-01,Nathan Lamb,NATIONAL_ID,42454431,Nairobi HQ,Civil Servant,TZ,False,AGENT,True,MEDIUM,2024-03-03 19:04:42
M100786,Michael Burch,2006-05-09,Michael Burch,PASSPORT,80530863,Kisumu,Farmer,SS,False,ONLINE,True,LOW,2025-06-01 15:17:54
M100787,Michael Cisneros,1973-01-01,Michael Cisneros,PASSPORT,93413828,Thika,Doctor,YE,False,AGENT,True,HIGH,2025-01-14 10:12:12
M100788,Rachel Riley,1958-12-15,Rachel Riley,NATIONAL_ID,82653599,Nairobi HQ,Doctor,SO,False,ONLINE,True,LOW,2024-11-24 06:18:47
M100789,Gina English,1961-07-17,Gina English,NATIONAL_ID,82069248,Nairobi HQ,Civil Servant,ET,False,BRANCH,True,LOW,2025-07-05 20:10:27
M100790,Tammy Cox,2003-05-21,Tammy Cox,NATIONAL_ID,42989473,Eldoret,Trader,ET,True,ONLINE,False,LOW,2025-05-27 04:23:13
M100791,Lisa Thompson,2001-12-17,Lisa Thompson,PASSPORT,97056382,Nakuru,Farmer,SO,False,BRANCH,True,MEDIUM,2024-11-22 00:14:56
M100792,Christopher Mcknight,1965-10-07,Christopher Mcknight,PASSPORT,97277905,Nyeri,Farmer,KE,False,AGENT,True,MEDIUM,2024-11-16 13:35:35
M100793,Joel Chung,1979-11-08,Joel Chung,PASSPORT,42033561,Nakuru,Driver,PK,False,ONLINE,True,LOW,2024-01-05 16:44:29
M100794,Lucas Haney,1989-04-17,Lucas Haney,PASSPORT,66153720,Nakuru,Trader,TZ,False,BRANCH,True,LOW,2024-07-28 00:50:10
M100795,Sarah Young,1963-07-28,Sarah Young,PASSPORT,22495524,Kisumu,Student,KE,False,BRANCH,True,LOW,2023-12-05 04:37:44
M100796,Nancy Schneider,1984-10-22,Nancy Schneider,NATIONAL_ID,59725077,Kisumu,Civil Servant,UG,False,AGENT,True,LOW,2024-12-17 23:08:28
M100797,Eric Jackson,1989-01-16,Eric Jackson,NATIONAL_ID,11798451,Kisumu,Consultant,TZ,False,ONLINE,True,MEDIUM,2024-08-30 07:17:13
M100798,Ellen Kline,1975-11-11,Ellen Kline,PASSPORT,35960156,Nairobi HQ,Student,PK,False,AGENT,True,HIGH,2024-10-20 19:13:16
M100799,Melissa Washington,1958-04-25,Melissa Washington,PASSPORT,7897420,Nyeri,Civil Servant,YE,False,AGENT,False,LOW,2024-11-18 13:05:25
M100800,Autumn Davenport,1982-09-25,Autumn Davenport,PASSPORT,89061072,Nakuru,Civil Servant,SS,False,AGENT,True,LOW,2023-10-28 20:54:21
M100801,Tiffany Scott,1974-04-16,Tiffany Scott,PASSPORT,64844171,Thika,Doctor,TZ,False,BRANCH,True,LOW,2025-10-24 05:25:16
M100802,Bryan Glass,2002-06-25,Bryan Glass,NATIONAL_ID,27419838,Nairobi HQ,Civil Servant,SO,False,AGENT,True,LOW,2023-12-17 16:17:49
M100803,Kelly Simmons,1996-01-06,Kelly Simmons,NATIONAL_ID,47151236,Eldoret,Trader,SO,False,ONLINE,True,LOW,2024-04-16 19:20:39
M100804,Michael Charles,2001-09-12,Michael Charles,PASSPORT,38475304,Mombasa,Consultant,SS,False,BRANCH,True,LOW,2025-09-21 17:51:37
M100805,Mary Wallace,1986-06-28,Mary Wallace,PASSPORT,22941925,Mombasa,Trader,TZ,False,AGENT,True,LOW,2025-04-29 15:46:00
M100806,Todd Guerra,1974-11-14,Todd Guerra,PASSPORT,83561565,Mombasa,Consultant,PK,False,AGENT,True,HIGH,2024-10-08 02:34:27
M100807,Regina Smith,1968-11-19,Regina Smith,PASSPORT,30104200,Nakuru,Farmer,PK,False,ONLINE,True,HIGH,2025-06-26 23:29:11
M100808,Misty Fuentes,1998-12-12,Misty Fuentes,NATIONAL_ID,79187194,Nairobi HQ,Teacher,SS,False,BRANCH,False,LOW,2025-03-13 12:16:07
M100809,Alexander Lopez,1970-04-12,Alexander Lopez,PASSPORT,23488227,Nyeri,Student,TZ,False,AGENT,True,MEDIUM,2024-06-13 23:45:39
M100810,Donna Porter,1999-04-24,Donna Porter,NATIONAL_ID,48449887,Nakuru,Teacher,SS,False,BRANCH,True,MEDIUM,2025-02-12 20:43:49
M100811,Claudia Vang,1991-05-19,Claudia Vang,PASSPORT,15501160,Kisumu,Consultant,KE,False,BRANCH,True,LOW,2024-11-25 07:19:19
M100812,Vincent Chambers,1988-03-29,Vincent Chambers,PASSPORT,31151980,Nairobi HQ,Student,ET,False,ONLINE,True,LOW,2025-08-23 09:31:54
M100813,Stephanie Alvarez,1996-03-28,Stephanie Alvarez,NATIONAL_ID,1653454,Eldoret,Student,KE,False,ONLINE,True,LOW,2024-08-04 05:48:03
M100814,Brittany Jones,1956-04-20,Brittany Jones,PASSPORT,48829366,Nairobi HQ,Teacher,SS,False,AGENT,True,MEDIUM,2025-03-14 01:46:10
M100815,Stephanie Adams,1973-08-19,Stephanie Adams,PASSPORT,27699412,Nairobi HQ,Trader,TZ,False,AGENT,False,LOW,2025-09-17 11:24:36
M100816,Tanner Peters,2004-02-16,Tanner Peters,PASSPORT,64073066,Mombasa,Trader,ET,False,ONLINE,True,MEDIUM,2024-02-04 16:59:30
M100817,Gary King,1987-09-25,Gary King,NATIONAL_ID,2317707,Nairobi HQ,Teacher,SO,False,ONLINE,True,MEDIUM,2024-12-27 07:04:03
M100818,Anthony Evans,2002-07-19,Anthony Evans,PASSPORT,3252814,Kisumu,Student,SS,False,BRANCH,False,HIGH,2025-10-24 03:09:55
M100819,Michele Evans,1964-11-30,Michele Evans,NATIONAL_ID,68606294,Nakuru,Farmer,UG,False,BRANCH,True,MEDIUM,2024-09-19 15:14:00
M100820,Claudia Robertson,1974-04-24,Claudia Robertson,PASSPORT,64884833,Mombasa,Civil Servant,SO,False,BRANCH,True,MEDIUM,2023-12-12 17:25:03
M100821,Amber Green,1993-10-18,Amber Green,NATIONAL_ID,98264703,Nairobi HQ,Farmer,UG,False,AGENT,True,LOW,2025-09-16 14:36:39
M100822,Travis Bell,2005-08-20,Travis Bell,NATIONAL_ID,16089074,Mombasa,Consultant,SS,False,ONLINE,True,LOW,2024-05-12 03:43:23
M100823,Daniel Adams,1977-03-28,Daniel Adams,PASSPORT,88252394,Mombasa,Student,SS,False,ONLINE,True,LOW,2025-03-21 06:52:24
M100824,Allison Garza,1978-02-17,Allison Garza,NATIONAL_ID,21392183,Kisumu,Doctor,SO,False,ONLINE,True,LOW,2024-11-15 12:34:38
M100825,Linda Shannon,1964-10-06,Linda Shannon,PASSPORT,45706849,Thika,Teacher,SO,False,AGENT,True,HIGH,2025-10-17 12:12:52
M100826,Norma Lopez,1962-10-26,Norma Lopez,PASSPORT,78907060,Mombasa,Teacher,YE,False,ONLINE,True,LOW,2024-11-10 13:18:15
M100827,Logan Martin,1985-05-31,Logan Martin,NATIONAL_ID,42022478,Nairobi HQ,Consultant,TZ,False,ONLINE,True,HIGH,2024-01-10 14:53:09
M100828,Sean Burns,1973-02-09,Sean Burns,NATIONAL_ID,82843017,Kisumu,Farmer,UG,False,ONLINE,False,LOW,2024-08-02 10:26:47
M100829,Amy Randolph,1992-07-31,Amy Randolph,NATIONAL_ID,11455824,Nyeri,Doctor,UG,False,BRANCH,True,LOW,2024-05-19 10:09:37
M100830,Rachel Flores,1994-01-13,Rachel Flores,PASSPORT,18733330,Thika,Civil Servant,TZ,False,ONLINE,False,LOW,2025-03-14 22:53:24
M100831,Paula Weeks,1959-03-02,Paula Weeks,NATIONAL_ID,2604724,Nairobi HQ,Civil Servant,SO,False,ONLINE,False,LOW,2025-02-08 05:36:55
M100832,Frederick Sullivan,1997-09-02,Frederick Sullivan,PASSPORT,79310439,Eldoret,Driver,SO,False,AGENT,True,LOW,2025-03-06 20:43:27
M100833,Ronald Soto,1994-08-18,Ronald Soto,NATIONAL_ID,99040848,Nairobi HQ,Doctor,ET,False,BRANCH,True,LOW,2024-12-12 20:12:05
M100834,Monica Ramirez,2002-09-29,Monica Ramirez,PASSPORT,57639769,Nakuru,Trader,SS,False,BRANCH,True,MEDIUM,2023-12-29 01:46:56
M100835,Lori Thomas,1999-10-31,Lori Thomas,PASSPORT,4490571,Thika,Civil Servant,KE,False,BRANCH,False,LOW,2025-01-20 10:18:36
M100836,Eric Estrada,1990-09-16,Eric Estrada,NATIONAL_ID,95415342,Thika,Student,SS,False,AGENT,True,LOW,2024-02-29 01:15:10
M100837,Catherine Park,1978-05-15,Catherine Park,NATIONAL_ID,76713142,Mombasa,Trader,KE,False,AGENT,True,MEDIUM,2024-10-21 04:19:21
M100838,Kim Owens,1963-04-27,Kim Owens,NATIONAL_ID,87041261,Nakuru,Trader,UG,False,AGENT,False,LOW,2025-04-21 13:00:04
M100839,Joan Chapman,1998-12-31,Joan Chapman,NATIONAL_ID,2236004,Nairobi HQ,Civil Servant,SS,False,BRANCH,True,MEDIUM,2024-02-11 20:20:14
M100840,Kristin Wong,1980-05-04,Kristin Wong,NATIONAL_ID,56826985,Nairobi HQ,Doctor,PK,False,BRANCH,True,MEDIUM,2025-07-27 22:47:05
M100841,Ashley Randolph,1990-08-18,Ashley Randolph,PASSPORT,48719526,Thika,Farmer,ET,False,BRANCH,True,LOW,2025-01-26 19:55:49
M100842,Brenda Hansen,1979-01-25,Brenda Hansen,PASSPORT,62075624,Eldoret,Doctor,ET,False,AGENT,True,LOW,2024-12-16 21:29:28
M100843,Ashley Dodson,1972-10-06,Ashley Dodson,PASSPORT,71233098,Nairobi HQ,Farmer,YE,False,BRANCH,False,MEDIUM,2025-09-16 07:24:13
M100844,Kathryn Edwards,2001-12-08,Kathryn Edwards,PASSPORT,10256838,Nairobi HQ,Trader,TZ,False,AGENT,True,LOW,2024-11-10 04:02:32
M100845,Daniel Mitchell,1973-09-03,Daniel Mitchell,NATIONAL_ID,78062317,Nyeri,Teacher,TZ,False,AGENT,True,LOW,2024-07-31 07:34:45
M100846,Kurt Rodriguez,1985-12-24,Kurt Rodriguez,NATIONAL_ID,54955703,Kisumu,Teacher,ET,True,ONLINE,True,MEDIUM,2025-10-10 19:04:27
M100847,Rebecca Vincent,1975-07-12,Rebecca Vincent,PASSPORT,25277771,Thika,Student,YE,False,AGENT,True,MEDIUM,2024-04-19 12:35:53
M100848,Kenneth Robinson,1969-12-17,Kenneth Robinson,NATIONAL_ID,91357073,Eldoret,Teacher,TZ,False,AGENT,True,LOW,2025-06-19 02:25:48
M100849,Jasmine Barnett,1964-11-04,Jasmine Barnett,NATIONAL_ID,64690456,Eldoret,Driver,KE,False,ONLINE,True,LOW,2024-03-01 22:25:46
M100850,Stacie Lopez,1993-03-10,Stacie Lopez,PASSPORT,33982889,Nakuru,Farmer,TZ,False,AGENT,True,LOW,2024-01-27 10:01:15
M100851,Susan Mccarthy,1966-09-24,Susan Mccarthy,PASSPORT,37096653,Nyeri,Driver,UG,False,ONLINE,True,LOW,2024-01-12 20:44:12
M100852,Kristen Frederick,1972-01-05,Kristen Frederick,PASSPORT,13552434,Thika,Farmer,PK,False,AGENT,True,MEDIUM,2024-10-13 06:21:06
M100853,Diane Hughes,2000-09-19,Diane Hughes,PASSPORT,96221149,Nyeri,Trader,ET,False,ONLINE,True,LOW,2024-10-10 20:07:09
M100854,William Stanley,1958-08-25,William Stanley,NATIONAL_ID,71831550,Mombasa,Civil Servant,TZ,False,ONLINE,True,MEDIUM,2025-01-03 02:27:23
M100855,Charles Schultz,2004-12-27,Charles Schultz,PASSPORT,88617022,Kisumu,Farmer,PK,False,ONLINE,False,LOW,2025-04-11 12:08:38
M100856,Robert Price,1996-04-09,Robert Price,PASSPORT,34673584,Nyeri,Consultant,TZ,False,AGENT,True,HIGH,2025-09-15 01:40:33
M100857,James Gutierrez,1996-06-20,James Gutierrez,PASSPORT,92232597,Nairobi HQ,Doctor,TZ,False,BRANCH,True,LOW,2025-05-31 17:44:30
M100858,Ronald Miller,1982-07-03,Ronald Miller,NATIONAL_ID,29245134,Nyeri,Civil Servant,KE,False,BRANCH,True,LOW,2024-05-16 20:57:29
M100859,Jennifer Barron,1961-02-11,Jennifer Barron,PASSPORT,34517270,Nakuru,Farmer,SO,False,BRANCH,True,MEDIUM,2025-07-03 02:50:23
M100860,Christopher Wolf,2007-06-04,Christopher Wolf,NATIONAL_ID,35371465,Eldoret,Trader,KE,False,ONLINE,True,LOW,2024-04-03 16:37:35
M100861,Patrick Anderson,2000-04-27,Patrick Anderson,PASSPORT,97038118,Eldoret,Trader,ET,False,BRANCH,True,LOW,2024-01-10 15:18:51
M100862,Mark Harris,1969-09-04,Mark Harris,PASSPORT,2766260,Nairobi HQ,Civil Servant,PK,False,BRANCH,True,LOW,2025-08-18 20:03:00
M100863,Laurie Arnold,1978-04-08,Laurie Arnold,NATIONAL_ID,26560627,Nyeri,Teacher,UG,False,BRANCH,False,MEDIUM,2024-01-27 16:36:41
M100864,Louis Cameron,1988-01-13,Louis Cameron,NATIONAL_ID,38400400,Kisumu,Farmer,YE,False,BRANCH,True,MEDIUM,2024-04-12 04:02:16
M100865,Joseph Long,1963-12-09,Joseph Long,NATIONAL_ID,76757862,Nakuru,Teacher,TZ,False,AGENT,True,MEDIUM,2025-01-19 23:42:16
M100866,Kim Clark,2005-10-16,Kim Clark,NATIONAL_ID,10616234,Nairobi HQ,Driver,PK,False,AGENT,True,LOW,2025-02-02 17:04:34
M100867,Gregg Cordova,1985-11-19,Gregg Cordova,PASSPORT,9232786,Nairobi HQ,Farmer,UG,False,BRANCH,True,LOW,2024-02-22 10:49:41
M100868,Andre Villanueva,1999-11-11,Andre Villanueva,PASSPORT,35049415,Nyeri,Trader,YE,False,AGENT,True,MEDIUM,2025-04-10 02:03:53
M100869,Kelly James,1995-08-27,Kelly James,NATIONAL_ID,86216852,Nakuru,Farmer,SS,False,AGENT,True,MEDIUM,2025-07-03 05:44:13
M100870,Emily Brandt,2002-12-17,Emily Brandt,NATIONAL_ID,93343238,Nyeri,Student,ET,False,BRANCH,True,MEDIUM,2025-04-06 09:35:06
M100871,Ricky Waller,1970-05-04,Ricky Waller,PASSPORT,93685768,Nyeri,Driver,ET,False,AGENT,True,LOW,2023-12-21 03:34:12
M100872,Kristin Gomez,2000-08-02,Kristin Gomez,PASSPORT,75170997,Nyeri,Teacher,PK,False,ONLINE,True,LOW,2024-10-18 20:33:47
M100873,Luke Grant,1999-04-03,Luke Grant,NATIONAL_ID,29360975,Nakuru,Student,TZ,False,ONLINE,True,LOW,2024-06-15 00:37:56
M100874,Timothy Stanton,1981-05-03,Timothy Stanton,NATIONAL_ID,8118151,Nakuru,Teacher,YE,False,ONLINE,True,LOW,2024-04-05 04:00:11
M100875,Joseph Brown,1965-12-06,Joseph Brown,NATIONAL_ID,23491507,Thika,Consultant,UG,False,AGENT,True,LOW,2024-08-16 10:57:10
M100876,Samantha Johnson,1968-02-26,Samantha Johnson,PASSPORT,31876502,Eldoret,Trader,PK,True,AGENT,True,LOW,2025-06-14 06:23:45
M100877,Lacey Humphrey,1969-10-11,Lacey Humphrey,NATIONAL_ID,34257794,Nyeri,Student,SS,False,AGENT,True,LOW,2024-07-24 03:27:16
M100878,Angela Oliver,1992-02-22,Angela Oliver,NATIONAL_ID,1271194,Nakuru,Student,PK,True,BRANCH,True,LOW,2024-10-24 18:18:42
M100879,Adam Martin,1997-04-04,Adam Martin,NATIONAL_ID,15548551,Kisumu,Farmer,UG,False,BRANCH,True,LOW,2023-12-18 19:13:29
M100880,John Wells,1971-08-26,John Wells,NATIONAL_ID,57314397,Nairobi HQ,Civil Servant,SO,False,BRANCH,True,HIGH,2025-04-05 18:45:33
M100881,Tina Evans,1982-12-05,Tina Evans,PASSPORT,80724437,Nakuru,Farmer,SS,False,BRANCH,True,HIGH,2025-09-05 18:44:35
M100882,Laura Marsh,1977-07-03,Laura Marsh,PASSPORT,59269404,Thika,Civil Servant,ET,False,ONLINE,True,HIGH,2024-12-28 18:28:22
M100883,Jasmine Arnold,1969-02-16,Jasmine Arnold,NATIONAL_ID,82170299,Nairobi HQ,Student,PK,True,BRANCH,True,HIGH,2023-12-03 09:11:16
M100884,Charles Liu,1957-04-10,Charles Liu,NATIONAL_ID,56629122,Kisumu,Trader,PK,False,ONLINE,True,LOW,2025-02-07 14:39:07
M100885,Sydney Santos,1977-09-11,Sydney Santos,NATIONAL_ID,54352646,Mombasa,Trader,ET,False,ONLINE,True,LOW,2024-04-04 03:26:29
M100886,Omar Ramirez,1997-06-05,Omar Ramirez,PASSPORT,14762724,Thika,Driver,UG,False,BRANCH,True,MEDIUM,2025-06-24 02:33:04
M100887,Amanda Hawkins,1980-08-30,Amanda Hawkins,NATIONAL_ID,75252823,Nakuru,Trader,SO,False,ONLINE,True,MEDIUM,2024-01-01 22:19:34
M100888,Danielle Bowman,1984-06-13,Danielle Bowman,NATIONAL_ID,12143759,Nakuru,Consultant,ET,False,ONLINE,True,HIGH,2025-05-01 09:20:06
M100889,Laura Davis,1980-12-14,Laura Davis,PASSPORT,14117022,Eldoret,Student,SS,False,AGENT,True,LOW,2024-03-31 03:54:21
M100890,Rodney Butler,1969-09-28,Rodney Butler,NATIONAL_ID,76794460,Nakuru,Trader,TZ,False,BRANCH,True,HIGH,2023-10-30 16:51:04
M100891,Daniel Nelson,1984-07-31,Daniel Nelson,NATIONAL_ID,85610864,Thika,Consultant,PK,False,BRANCH,True,LOW,2024-06-09 18:46:48
M100892,Diana Figueroa,1978-08-18,Diana Figueroa,PASSPORT,61432890,Nairobi HQ,Student,YE,False,ONLINE,True,LOW,2024-07-21 12:44:02
M100893,Bryan Gonzalez,1995-06-20,Bryan Gonzalez,NATIONAL_ID,14175059,Nakuru,Student,KE,False,AGENT,True,LOW,2024-10-23 18:12:43
M100894,Samuel Meyer,1993-06-14,Samuel Meyer,PASSPORT,79199259,Thika,Civil Servant,TZ,False,BRANCH,True,MEDIUM,2024-06-16 21:54:34
M100895,Christopher Schneider,2005-12-20,Christopher Schneider,PASSPORT,88703863,Mombasa,Trader,SO,False,ONLINE,True,HIGH,2024-04-07 03:27:35
M100896,Theresa Mitchell,1994-09-17,Theresa Mitchell,PASSPORT,87992434,Nakuru,Civil Servant,SS,False,AGENT,True,HIGH,2024-08-01 23:20:52
M100897,Matthew Cowan,1975-08-24,Matthew Cowan,NATIONAL_ID,40750885,Nyeri,Civil Servant,PK,False,AGENT,True,LOW,2025-02-19 14:23:46
M100898,Chloe Thompson,1975-03-06,Chloe Thompson,NATIONAL_ID,2059895,Kisumu,Teacher,ET,False,ONLINE,True,LOW,2023-10-29 06:50:58
M100899,Jack Trujillo,2000-01-02,Jack Trujillo,PASSPORT,58897503,Eldoret,Civil Servant,PK,False,ONLINE,False,LOW,2025-06-29 23:29:08
M100900,Ashley Archer,1977-11-16,Ashley Archer,PASSPORT,23619322,Kisumu,Student,PK,False,BRANCH,False,MEDIUM,2024-09-09 17:47:14
M100901,James Green,1985-12-09,James Green,NATIONAL_ID,50992455,Eldoret,Teacher,SO,False,AGENT,True,LOW,2024-04-21 03:37:18
M100902,Michael Tucker,1974-07-07,Michael Tucker,NATIONAL_ID,70040208,Mombasa,Teacher,PK,False,AGENT,True,LOW,2025-02-13 23:08:13
M100903,Christina Jones,1957-09-28,Christina Jones,PASSPORT,71950088,Eldoret,Doctor,SS,False,AGENT,False,LOW,2025-02-28 10:42:53
M100904,Cody Lopez,2007-04-03,Cody Lopez,PASSPORT,78625857,Nakuru,Student,TZ,False,ONLINE,False,LOW,2024-07-23 21:56:54
M100905,Rhonda Powell,1987-04-11,Rhonda Powell,NATIONAL_ID,98749960,Nakuru,Civil Servant,SS,False,ONLINE,True,LOW,2025-07-03 00:31:06
M100906,Jonathan Clarke,1992-10-28,Jonathan Clarke,NATIONAL_ID,8086488,Mombasa,Doctor,YE,False,BRANCH,True,LOW,2024-06-19 05:45:27
M100907,Shane Brown,1965-04-04,Shane Brown,NATIONAL_ID,50858028,Nakuru,Farmer,KE,False,AGENT,True,LOW,2024-01-07 07:18:30
M100908,Dawn Robertson,1997-07-21,Dawn Robertson,NATIONAL_ID,52400732,Nyeri,Doctor,PK,False,BRANCH,True,LOW,2025-04-26 00:14:38
M100909,Evelyn Russell,2000-08-18,Evelyn Russell,PASSPORT,12908271,Nakuru,Trader,SO,False,ONLINE,True,LOW,2024-08-24 01:40:07
M100910,Calvin Rodriguez,1976-10-28,Calvin Rodriguez,NATIONAL_ID,70159179,Thika,Teacher,KE,False,AGENT,True,LOW,2024-12-31 11:26:48
M100911,Martin Fuller,1969-03-01,Martin Fuller,NATIONAL_ID,7132958,Kisumu,Farmer,PK,False,BRANCH,True,LOW,2025-01-17 05:48:54
M100912,Shane Coleman,1986-03-05,Shane Coleman,NATIONAL_ID,39004873,Eldoret,Student,SO,False,BRANCH,True,HIGH,2025-09-04 03:50:46
M100913,Becky Perez,1966-01-13,Becky Perez,NATIONAL_ID,4681310,Kisumu,Student,ET,False,BRANCH,True,MEDIUM,2025-06-15 02:00:11
M100914,Penny Cox,1965-10-30,Penny Cox,PASSPORT,15106439,Nakuru,Trader,UG,False,ONLINE,True,MEDIUM,2024-05-09 05:15:59
M100915,Francis Garcia,1959-04-17,Francis Garcia,NATIONAL_ID,13158063,Kisumu,Civil Servant,PK,False,ONLINE,True,LOW,2025-10-08 01:42:31
M100916,Thomas Wright,1970-12-28,Thomas Wright,NATIONAL_ID,37758110,Thika,Consultant,KE,False,BRANCH,True,LOW,2023-11-22 15:13:10
M100917,Kenneth Robinson,1970-11-03,Kenneth Robinson,PASSPORT,33975137,Nyeri,Civil Servant,KE,False,BRANCH,False,LOW,2025-10-16 23:25:28
M100918,Steven Mckinney,2004-11-01,Steven Mckinney,NATIONAL_ID,35684045,Mombasa,Driver,ET,False,ONLINE,True,LOW,2023-12-24 19:33:00
M100919,Yvonne Daniels,1972-05-30,Yvonne Daniels,PASSPORT,99650651,Nyeri,Consultant,TZ,False,BRANCH,True,LOW,2025-06-19 18:38:26
M100920,Sonya Miller,1956-07-10,Sonya Miller,NATIONAL_ID,90823949,Nairobi HQ,Driver,KE,False,BRANCH,False,HIGH,2025-08-14 02:09:46
M100921,Jason Webster,1986-10-08,Jason Webster,NATIONAL_ID,21174578,Kisumu,Consultant,YE,False,ONLINE,True,MEDIUM,2025-05-27 12:56:50
M100922,Walter Gordon,1996-04-27,Walter Gordon,PASSPORT,93032056,Nyeri,Doctor,SS,False,ONLINE,False,LOW,2025-04-11 18:40:37
M100923,Paul Torres,1986-02-11,Paul Torres,NATIONAL_ID,29578022,Thika,Farmer,KE,False,AGENT,True,HIGH,2024-03-14 10:18:51
M100924,Debbie Moore,2006-08-20,Debbie Moore,NATIONAL_ID,533745,Eldoret,Farmer,SS,False,AGENT,False,LOW,2025-08-05 21:04:40
M100925,Melissa Peterson,1959-01-06,Melissa Peterson,NATIONAL_ID,47916956,Thika,Civil Servant,UG,True,ONLINE,True,MEDIUM,2024-05-01 09:11:17
M100926,Victoria Watkins,1978-09-23,Victoria Watkins,PASSPORT,1937094,Nairobi HQ,Trader,YE,False,ONLINE,True,LOW,2025-04-30 13:09:34
M100927,Martin Skinner,1967-11-23,Martin Skinner,PASSPORT,99258975,Mombasa,Doctor,KE,False,BRANCH,True,LOW,2024-08-08 18:21:03
M100928,Melody Klein,1999-12-28,Melody Klein,PASSPORT,86451607,Nyeri,Trader,SO,False,ONLINE,False,HIGH,2024-05-31 09:12:58
M100929,Kristopher Hunt,1993-05-19,Kristopher Hunt,NATIONAL_ID,51763661,Nakuru,Farmer,PK,False,BRANCH,True,MEDIUM,2024-08-11 18:11:56
M100930,Aaron Holmes,1972-08-29,Aaron Holmes,PASSPORT,88320718,Nyeri,Teacher,TZ,False,BRANCH,True,MEDIUM,2023-11-02 15:32:21
M100931,Mary Ruiz,1986-06-15,Mary Ruiz,NATIONAL_ID,57493444,Kisumu,Civil Servant,SS,False,ONLINE,True,MEDIUM,2025-01-08 23:10:03
M100932,Joshua Williams,2003-09-13,Joshua Williams,PASSPORT,93761918,Eldoret,Consultant,KE,False,ONLINE,True,LOW,2025-04-17 20:39:03
M100933,Scott Walters,1970-06-23,Scott Walters,NATIONAL_ID,6660881,Kisumu,Student,UG,False,ONLINE,True,LOW,2024-05-11 08:33:39
M100934,Julia Harding,1959-08-02,Julia Harding,NATIONAL_ID,75370895,Nakuru,Doctor,ET,False,AGENT,True,LOW,2024-04-20 17:41:15
M100935,Shelly Spence,1988-09-30,Shelly Spence,NATIONAL_ID,5431519,Nyeri,Civil Servant,YE,False,AGENT,True,MEDIUM,2024-11-16 18:57:39
M100936,Kristina Hall,1985-10-09,Kristina Hall,NATIONAL_ID,61049122,Nairobi HQ,Civil Servant,TZ,False,BRANCH,True,LOW,2024-07-02 11:21:09
M100937,Brittney Sanders,1982-04-07,Brittney Sanders,NATIONAL_ID,38875914,Kisumu,Consultant,SS,False,AGENT,True,LOW,2024-05-31 10:40:52
M100938,Matthew Oliver,1991-11-03,Matthew Oliver,PASSPORT,4856884,Nairobi HQ,Teacher,YE,False,AGENT,True,MEDIUM,2025-03-22 04:27:51
M100939,Nicholas Nelson,1999-03-25,Nicholas Nelson,PASSPORT,86168252,Mombasa,Driver,TZ,False,AGENT,True,LOW,2024-05-25 19:47:25
M100940,Bradley Avery,1988-06-19,Bradley Avery,NATIONAL_ID,4171359,Kisumu,Trader,SO,False,ONLINE,True,LOW,2024-09-08 07:53:32
M100941,Holly Nunez,1989-05-23,Holly Nunez,NATIONAL_ID,75486990,Thika,Farmer,KE,False,AGENT,True,HIGH,2025-06-18 22:47:41
M100942,Darryl Santiago,1996-11-23,Darryl Santiago,NATIONAL_ID,35877276,Eldoret,Doctor,SO,False,BRANCH,True,LOW,2025-04-24 21:30:01
M100943,Christopher Miller,1975-05-31,Christopher Miller,PASSPORT,10993130,Nyeri,Doctor,SO,False,BRANCH,True,LOW,2024-10-09 18:49:22
M100944,Natalie Lang,1979-05-03,Natalie Lang,NATIONAL_ID,35742815,Mombasa,Teacher,SS,False,AGENT,True,MEDIUM,2024-05-24 00:13:31
M100945,Ana Johnson,1984-07-13,Ana Johnson,PASSPORT,78079126,Mombasa,Consultant,KE,False,ONLINE,True,LOW,2024-02-06 14:35:02
M100946,Denise Romero,1978-08-22,Denise Romero,PASSPORT,5946916,Eldoret,Civil Servant,ET,False,ONLINE,True,MEDIUM,2024-11-12 18:35:12
M100947,Brittney Ryan,2000-05-05,Brittney Ryan,PASSPORT,17826652,Eldoret,Consultant,SO,False,AGENT,True,LOW,2025-01-01 05:08:22
M100948,Linda Hernandez,1962-06-09,Linda Hernandez,NATIONAL_ID,84441264,Mombasa,Teacher,UG,False,ONLINE,True,HIGH,2024-11-04 16:17:11
M100949,Todd Montgomery,1965-04-13,Todd Montgomery,PASSPORT,40393132,Nakuru,Civil Servant,YE,False,ONLINE,True,LOW,2024-04-28 14:49:11
M100950,Jeff Hess,2002-08-18,Jeff Hess,PASSPORT,26277540,Kisumu,Doctor,PK,False,AGENT,True,LOW,2024-10-11 11:08:45
M100951,Krystal Kaufman,1975-05-21,Krystal Kaufman,PASSPORT,47942588,Thika,Civil Servant,SO,False,ONLINE,True,MEDIUM,2025-09-25 11:28:25
M100952,Gregory Cook,1982-11-27,Gregory Cook,PASSPORT,863978,Nakuru,Teacher,TZ,False,ONLINE,True,LOW,2024-11-28 18:35:17
M100953,Deborah Perez,1996-07-06,Deborah Perez,NATIONAL_ID,25522906,Mombasa,Driver,KE,False,ONLINE,True,LOW,2024-10-24 00:48:10
M100954,Elizabeth Moss,1966-10-11,Elizabeth Moss,PASSPORT,50811430,Eldoret,Civil Servant,SS,False,ONLINE,True,LOW,2025-06-07 22:23:33
M100955,Cheryl Taylor,1967-02-10,Cheryl Taylor,PASSPORT,17234843,Thika,Driver,KE,False,ONLINE,True,LOW,2024-12-30 02:23:47
M100956,Jared Atkins,1967-12-01,Jared Atkins,PASSPORT,70084912,Thika,Driver,UG,False,AGENT,True,LOW,2024-12-01 13:53:32
M100957,Kathryn Waters,1959-06-26,Kathryn Waters,PASSPORT,8828963,Nyeri,Civil Servant,SS,False,BRANCH,True,HIGH,2025-05-01 19:07:12
M100958,Julian Bowen,1987-04-07,Julian Bowen,NATIONAL_ID,33473794,Mombasa,Consultant,SS,False,BRANCH,True,LOW,2025-03-08 03:09:50
M100959,Brenda King,1978-02-10,Brenda King,NATIONAL_ID,64373412,Nyeri,Doctor,TZ,False,AGENT,False,LOW,2024-12-03 14:52:14
M100960,Daniel Wells,1995-09-21,Daniel Wells,PASSPORT,53693875,Thika,Consultant,ET,True,AGENT,True,MEDIUM,2025-06-02 13:59:07
M100961,Mark Smith,1999-11-17,Mark Smith,PASSPORT,45033910,Nyeri,Teacher,TZ,False,BRANCH,True,LOW,2025-02-12 19:25:15
M100962,Leah Larson,1965-12-12,Leah Larson,PASSPORT,7036218,Mombasa,Farmer,ET,False,BRANCH,True,LOW,2023-12-01 11:11:40
M100963,David Nichols,1965-12-16,David Nichols,PASSPORT,59326221,Kisumu,Teacher,YE,False,ONLINE,True,LOW,2025-05-06 21:10:28
M100964,Veronica Phelps,1983-01-09,Veronica Phelps,PASSPORT,97225730,Nyeri,Farmer,UG,False,AGENT,True,MEDIUM,2025-08-06 06:00:37
M100965,Jim Williams,1971-02-12,Jim Williams,PASSPORT,35082343,Nakuru,Trader,UG,False,BRANCH,True,LOW,2024-10-08 04:47:08
M100966,Kevin Lopez,1977-02-28,Kevin Lopez,PASSPORT,47239437,Nakuru,Civil Servant,SS,False,BRANCH,True,LOW,2025-10-17 12:14:06
M100967,Brenda Walker,1981-08-26,Brenda Walker,NATIONAL_ID,64998371,Nairobi HQ,Civil Servant,ET,False,BRANCH,True,LOW,2025-03-29 13:21:03
M100968,Benjamin Vincent,1986-07-24,Benjamin Vincent,NATIONAL_ID,30994276,Mombasa,Consultant,TZ,False,BRANCH,True,LOW,2025-01-11 20:06:57
M100969,Jason Williams,1987-11-11,Jason Williams,NATIONAL_ID,4494364,Eldoret,Farmer,KE,False,ONLINE,False,LOW,2024-10-02 02:24:06
M100970,Donna Kramer,1983-07-09,Donna Kramer,NATIONAL_ID,14432293,Kisumu,Doctor,KE,False,AGENT,False,LOW,2025-07-23 22:25:06
M100971,Juan Cervantes,1964-01-22,Juan Cervantes,NATIONAL_ID,67029333,Mombasa,Doctor,ET,False,ONLINE,False,LOW,2025-03-27 07:40:10
M100972,Madeline Smith,1985-07-26,Madeline Smith,PASSPORT,46740727,Eldoret,Civil Servant,UG,False,AGENT,True,MEDIUM,2024-09-20 09:00:14
M100973,Nicholas Kirby,1980-09-09,Nicholas Kirby,PASSPORT,54377507,Eldoret,Trader,KE,False,ONLINE,True,LOW,2024-07-17 11:25:47
M100974,Zachary Taylor,1990-05-12,Zachary Taylor,PASSPORT,82257142,Nyeri,Driver,PK,False,AGENT,True,LOW,2024-05-25 14:22:00
M100975,Jonathan Hughes,1988-02-07,Jonathan Hughes,NATIONAL_ID,41221809,Nyeri,Teacher,PK,False,ONLINE,True,LOW,2025-10-07 11:17:52
M100976,James Hall,1984-06-17,James Hall,PASSPORT,96803678,Thika,Consultant,KE,False,BRANCH,True,LOW,2024-11-03 22:55:18
M100977,Andrew Moore,1978-03-20,Andrew Moore,PASSPORT,6493972,Mombasa,Farmer,UG,False,ONLINE,True,MEDIUM,2025-02-17 19:26:50
M100978,Amber Gallagher,1964-01-23,Amber Gallagher,NATIONAL_ID,53194238,Kisumu,Civil Servant,ET,False,ONLINE,True,LOW,2025-08-14 22:56:23
M100979,Heather Lewis,1980-05-20,Heather Lewis,PASSPORT,96636384,Eldoret,Trader,SO,False,BRANCH,True,LOW,2024-04-02 06:42:08
M100980,Laura Bailey,1986-06-30,Laura Bailey,PASSPORT,23523388,Nakuru,Doctor,SS,False,ONLINE,True,LOW,2023-12-06 21:39:38
M100981,David Hamilton,1993-09-16,David Hamilton,NATIONAL_ID,28881715,Nairobi HQ,Trader,SS,False,AGENT,True,MEDIUM,2025-01-06 02:44:07
M100982,Jacqueline Singh,1989-01-03,Jacqueline Singh,NATIONAL_ID,76034633,Nakuru,Driver,SS,False,ONLINE,True,LOW,2024-11-07 15:58:47
M100983,Megan Mcbride,2002-02-17,Megan Mcbride,PASSPORT,25151995,Eldoret,Driver,KE,False,AGENT,True,LOW,2024-03-04 23:35:00
M100984,Carla Mejia,1991-03-09,Carla Mejia,NATIONAL_ID,16115968,Nairobi HQ,Trader,YE,False,AGENT,True,LOW,2024-06-06 19:16:40
M100985,Dana Fitzpatrick,1980-12-09,Dana Fitzpatrick,PASSPORT,98769540,Kisumu,Teacher,SO,False,BRANCH,False,MEDIUM,2024-01-23 14:19:23
M100986,Jason Logan,2005-05-12,Jason Logan,NATIONAL_ID,41350124,Nairobi HQ,Farmer,SS,False,BRANCH,True,LOW,2025-07-17 03:12:24
M100987,Cathy Allen,1974-07-25,Cathy Allen,NATIONAL_ID,69175247,Nakuru,Consultant,ET,False,BRANCH,False,MEDIUM,2024-03-25 14:41:35
M100988,Travis Dickerson,2006-01-11,Travis Dickerson,NATIONAL_ID,90027796,Nakuru,Doctor,SO,False,ONLINE,True,LOW,2024-02-19 19:31:28
M100989,Valerie Ortega,1964-03-10,Valerie Ortega,NATIONAL_ID,48089490,Nairobi HQ,Civil Servant,ET,False,AGENT,False,LOW,2024-12-20 17:43:47
M100990,Daniel Vaughn,1960-06-12,Daniel Vaughn,NATIONAL_ID,95738241,Mombasa,Civil Servant,ET,False,ONLINE,True,MEDIUM,2024-02-19 14:22:48
M100991,Lisa Cooley,1984-12-06,Lisa Cooley,NATIONAL_ID,23154212,Nyeri,Civil Servant,PK,False,ONLINE,True,LOW,2024-09-27 11:05:36
M100992,Scott Carter,2002-03-01,Scott Carter,PASSPORT,28974190,Thika,Teacher,UG,False,AGENT,False,LOW,2024-08-21 10:12:20
M100993,Rachel Doyle,1978-11-26,Rachel Doyle,PASSPORT,17448331,Kisumu,Civil Servant,YE,False,ONLINE,True,MEDIUM,2024-04-12 00:07:03
M100994,Daniel Avila,1974-12-06,Daniel Avila,PASSPORT,57914671,Thika,Teacher,PK,False,AGENT,True,MEDIUM,2025-05-12 08:38:55
M100995,Leah Mercado,1981-07-21,Leah Mercado,PASSPORT,37767997,Eldoret,Student,ET,False,BRANCH,True,LOW,2024-12-21 07:55:30
M100996,Sara Fields,1985-02-05,Sara Fields,PASSPORT,62669362,Nairobi HQ,Student,SO,False,AGENT,True,LOW,2024-01-19 07:52:40
M100997,Jessica Nguyen,1978-12-29,Jessica Nguyen,NATIONAL_ID,59799037,Kisumu,Driver,SS,False,ONLINE,True,LOW,2024-06-25 12:47:19
M100998,Brian Moreno,1984-08-03,Brian Moreno,PASSPORT,83677769,Nakuru,Driver,YE,False,BRANCH,True,MEDIUM,2025-10-17 05:59:53
M100999,Catherine Wolfe,1968-12-04,Catherine Wolfe,PASSPORT,80929037,Eldoret,Driver,PK,False,BRANCH,True,LOW,2023-11-30 07:21:05
M101000,Natalie Bennett,1999-01-01,Natalie Bennett,NATIONAL_ID,75023045,Thika,Trader,SO,False,BRANCH,True,MEDIUM,2024-03-09 17:20:32
M101001,Jeremy Turner,2004-04-24,Jeremy Turner,PASSPORT,17394507,Thika,Teacher,PK,False,AGENT,True,LOW,2025-08-09 14:14:49
M101002,Sherry Rodriguez,1971-09-24,Sherry Rodriguez,NATIONAL_ID,78677691,Kisumu,Farmer,SS,True,ONLINE,True,LOW,2024-08-20 01:03:06
M101003,James Jackson,1961-12-26,James Jackson,PASSPORT,75503740,Thika,Civil Servant,YE,False,BRANCH,True,LOW,2024-07-10 21:31:32
M101004,Wesley Livingston,1992-09-18,Wesley Livingston,PASSPORT,87850528,Mombasa,Consultant,TZ,False,ONLINE,True,LOW,2024-09-27 10:04:56
M101005,Joseph Carter,1966-03-11,Joseph Carter,PASSPORT,74410631,Eldoret,Teacher,SO,False,ONLINE,True,LOW,2025-01-07 04:43:09
M101006,Jackie Alvarado,1986-08-10,Jackie Alvarado,PASSPORT,87578407,Nairobi HQ,Trader,SO,False,AGENT,True,MEDIUM,2024-05-16 21:29:42
M101007,Jennifer Reynolds,1990-11-23,Jennifer Reynolds,PASSPORT,45222055,Kisumu,Trader,KE,False,ONLINE,True,HIGH,2024-06-16 16:21:55
M101008,Joseph Martin,1962-04-17,Joseph Martin,PASSPORT,47389320,Nakuru,Civil Servant,KE,False,AGENT,True,MEDIUM,2024-01-09 22:12:51
M101009,Jessica Donaldson,1977-03-16,Jessica Donaldson,NATIONAL_ID,55712411,Kisumu,Farmer,PK,False,ONLINE,True,LOW,2025-05-24 03:43:36
M101010,Richard Lopez,1988-06-13,Richard Lopez,PASSPORT,68410719,Eldoret,Civil Servant,TZ,False,BRANCH,True,LOW,2025-02-21 03:56:39
M101011,Ricky Lewis,2007-05-06,Ricky Lewis,PASSPORT,1391829,Mombasa,Driver,SS,False,BRANCH,True,LOW,2025-05-28 21:27:51
M101012,Crystal Smith,1960-11-21,Crystal Smith,NATIONAL_ID,48573199,Thika,Teacher,YE,True,AGENT,True,LOW,2024-08-07 09:09:18
M101013,Paul Wise,1983-04-07,Paul Wise,PASSPORT,77146969,Thika,Teacher,PK,False,BRANCH,True,MEDIUM,2025-02-13 09:25:19
M101014,Tiffany Cooper,1986-12-12,Tiffany Cooper,PASSPORT,6105827,Thika,Civil Servant,YE,False,BRANCH,True,LOW,2024-02-18 20:26:32
M101015,Chelsea Cooper,1959-07-06,Chelsea Cooper,NATIONAL_ID,96464360,Nakuru,Teacher,UG,False,ONLINE,True,MEDIUM,2024-10-01 18:32:13
M101016,Matthew Harper,1997-10-27,Matthew Harper,NATIONAL_ID,637719,Eldoret,Farmer,YE,False,BRANCH,True,LOW,2024-12-31 03:42:48
M101017,Shannon Roberts,1995-10-24,Shannon Roberts,PASSPORT,83050292,Thika,Trader,KE,False,AGENT,True,LOW,2024-12-31 10:26:20
M101018,Sheila Liu,1958-08-04,Sheila Liu,NATIONAL_ID,65194760,Nakuru,Farmer,KE,False,BRANCH,True,LOW,2023-12-06 10:20:30
M101019,Blake Martinez,1988-06-14,Blake Martinez,NATIONAL_ID,42602301,Mombasa,Farmer,YE,False,BRANCH,True,LOW,2025-03-16 06:42:37
M101020,Peter Johnson,2006-04-25,Peter Johnson,NATIONAL_ID,184715,Mombasa,Trader,KE,False,AGENT,True,LOW,2024-09-04 18:44:33
M101021,Paul Gray,1958-09-29,Paul Gray,PASSPORT,3393299,Kisumu,Student,SO,False,AGENT,True,LOW,2025-06-06 15:24:01
M101022,Devin Davis,1984-07-12,Devin Davis,NATIONAL_ID,80852893,Nairobi HQ,Student,PK,False,BRANCH,True,MEDIUM,2024-09-13 13:42:27
M101023,Jose Johnson,1971-08-08,Jose Johnson,PASSPORT,57604635,Nairobi HQ,Trader,PK,False,ONLINE,True,LOW,2024-03-16 05:49:20
M101024,Susan Stone,1981-07-13,Susan Stone,NATIONAL_ID,73673525,Nakuru,Doctor,KE,False,BRANCH,True,LOW,2024-04-15 05:41:20
M101025,Ian Vincent,2004-07-13,Ian Vincent,NATIONAL_ID,9654744,Nyeri,Teacher,SS,False,AGENT,True,MEDIUM,2024-07-18 15:25:34
M101026,William Powell,1983-11-15,William Powell,NATIONAL_ID,225057,Nakuru,Farmer,ET,True,ONLINE,True,LOW,2025-07-13 08:16:01
M101027,Michael Carr,1968-06-30,Michael Carr,NATIONAL_ID,3488471,Thika,Student,YE,False,AGENT,True,MEDIUM,2025-03-17 04:13:57
M101028,Joseph Simmons,1956-11-01,Joseph Simmons,PASSPORT,33953699,Nyeri,Driver,SO,False,AGENT,True,LOW,2023-11-12 16:44:34
M101029,William Wallace,1978-10-28,William Wallace,PASSPORT,98877118,Nyeri,Civil Servant,PK,False,AGENT,True,MEDIUM,2024-01-22 13:36:58
M101030,Darrell Hunter,1967-06-14,Darrell Hunter,NATIONAL_ID,24022445,Nairobi HQ,Student,ET,False,AGENT,True,MEDIUM,2025-03-04 12:09:21
M101031,Amanda Collins,2007-08-04,Amanda Collins,NATIONAL_ID,16246212,Nakuru,Driver,SO,False,AGENT,True,MEDIUM,2024-01-04 20:50:13
M101032,Daniel Stevens,1969-06-03,Daniel Stevens,NATIONAL_ID,65303622,Nakuru,Doctor,KE,False,AGENT,True,MEDIUM,2025-09-03 09:36:58
M101033,Paige Miller,1992-09-01,Paige Miller,PASSPORT,11115351,Nyeri,Teacher,TZ,False,BRANCH,True,LOW,2024-05-10 00:02:14
M101034,Erika Hernandez,1993-01-03,Erika Hernandez,NATIONAL_ID,64947347,Nyeri,Farmer,ET,False,BRANCH,True,MEDIUM,2024-06-04 20:27:37
M101035,James Stevens,2004-08-24,James Stevens,PASSPORT,65609501,Thika,Teacher,UG,False,BRANCH,True,LOW,2024-02-05 08:57:26
M101036,Kelsey Jordan,1994-12-30,Kelsey Jordan,PASSPORT,46170280,Thika,Farmer,YE,False,AGENT,True,MEDIUM,2025-08-17 22:34:15
M101037,Ivan Torres,1989-08-19,Ivan Torres,NATIONAL_ID,35492595,Mombasa,Student,ET,False,ONLINE,True,MEDIUM,2025-02-21 22:37:11
M101038,Lindsey Dixon,2003-03-22,Lindsey Dixon,PASSPORT,75307091,Nakuru,Driver,TZ,False,ONLINE,True,LOW,2024-07-01 21:51:19
M101039,Candice Bryant,1997-10-17,Candice Bryant,NATIONAL_ID,22934387,Kisumu,Doctor,YE,False,AGENT,True,MEDIUM,2023-12-07 16:51:50
M101040,Ryan Roberts,1962-12-25,Ryan Roberts,NATIONAL_ID,95911118,Nairobi HQ,Trader,SS,False,BRANCH,True,LOW,2025-07-17 18:57:09
M101041,Tiffany Clark,1988-07-15,Tiffany Clark,NATIONAL_ID,7909672,Nakuru,Farmer,SO,False,BRANCH,True,HIGH,2025-07-11 03:52:53
M101042,James Gross,1957-05-03,James Gross,NATIONAL_ID,37695456,Nakuru,Student,TZ,False,BRANCH,True,MEDIUM,2024-05-24 08:56:49
M101043,Austin Smith,2004-09-05,Austin Smith,PASSPORT,26394537,Nakuru,Driver,PK,False,AGENT,True,HIGH,2023-11-17 12:51:19
M101044,Joshua Brown,1962-10-14,Joshua Brown,PASSPORT,66759747,Thika,Trader,PK,False,AGENT,True,LOW,2025-03-10 07:04:44
M101045,Richard Stark,1998-10-15,Richard Stark,PASSPORT,88400592,Nairobi HQ,Doctor,ET,False,ONLINE,True,MEDIUM,2024-10-23 15:56:01
M101046,Erik Hutchinson,1956-10-31,Erik Hutchinson,NATIONAL_ID,36961514,Eldoret,Teacher,TZ,False,BRANCH,True,MEDIUM,2024-12-17 13:43:34
M101047,Melinda Taylor,2000-05-11,Melinda Taylor,NATIONAL_ID,5044328,Thika,Doctor,SO,False,AGENT,True,HIGH,2024-07-01 18:26:00
M101048,Mary Nunez,1973-06-13,Mary Nunez,PASSPORT,41937819,Nyeri,Trader,KE,False,ONLINE,True,LOW,2023-11-25 13:55:27
M101049,Michael Hall,2001-01-03,Michael Hall,PASSPORT,53415264,Eldoret,Consultant,ET,False,AGENT,True,MEDIUM,2025-06-05 23:30:15
M101050,Steven Ramirez,2005-11-30,Steven Ramirez,PASSPORT,67095789,Thika,Civil Servant,SO,False,AGENT,True,LOW,2024-06-20 12:20:41
M101051,Donna Walker,1986-11-27,Donna Walker,PASSPORT,8920520,Mombasa,Teacher,SO,False,AGENT,True,LOW,2023-11-03 11:53:47
M101052,Corey Sanchez,1995-01-12,Corey Sanchez,NATIONAL_ID,77468617,Thika,Farmer,PK,False,BRANCH,True,LOW,2024-12-18 10:43:21
M101053,Jacob Le,1968-08-31,Jacob Le,PASSPORT,54046873,Mombasa,Trader,SS,False,ONLINE,True,MEDIUM,2024-05-16 00:03:46
M101054,Alexis Delacruz,1976-02-13,Alexis Delacruz,PASSPORT,55931190,Nakuru,Student,YE,False,BRANCH,True,LOW,2024-02-14 19:07:20
M101055,Alex Clements,2002-03-25,Alex Clements,NATIONAL_ID,52151133,Eldoret,Trader,TZ,False,BRANCH,True,MEDIUM,2024-10-04 00:36:38
M101056,Faith Brown,1955-12-21,Faith Brown,PASSPORT,7904609,Kisumu,Student,SS,False,ONLINE,True,MEDIUM,2024-08-25 19:54:24
M101057,Matthew Powell,2006-10-22,Matthew Powell,PASSPORT,7828489,Mombasa,Driver,UG,False,ONLINE,True,LOW,2023-12-28 16:38:26
M101058,Rachael Bowman,1970-10-12,Rachael Bowman,PASSPORT,33215295,Mombasa,Student,ET,False,AGENT,True,LOW,2024-02-11 00:18:12
M101059,Shawn Castaneda,2006-06-28,Shawn Castaneda,PASSPORT,90526420,Nakuru,Trader,ET,False,BRANCH,True,MEDIUM,2024-02-12 23:40:22
M101060,Walter Aguilar,1984-12-26,Walter Aguilar,NATIONAL_ID,76346695,Eldoret,Teacher,PK,False,AGENT,True,LOW,2024-11-01 17:51:01
M101061,Ryan Smith,1962-01-12,Ryan Smith,NATIONAL_ID,98249873,Nairobi HQ,Teacher,KE,False,AGENT,True,MEDIUM,2025-10-09 09:00:59
M101062,Madison Colon,1959-03-28,Madison Colon,NATIONAL_ID,69072316,Nakuru,Doctor,KE,False,ONLINE,True,LOW,2025-07-09 19:07:03
M101063,Calvin Dickerson,1981-11-22,Calvin Dickerson,PASSPORT,43620243,Nyeri,Consultant,SS,False,AGENT,True,LOW,2025-02-13 22:39:12
M101064,Ashley Vargas,1984-05-03,Ashley Vargas,NATIONAL_ID,61718206,Mombasa,Driver,TZ,False,BRANCH,True,LOW,2024-08-22 00:01:39
M101065,Karen Khan,1987-11-03,Karen Khan,NATIONAL_ID,10830906,Nairobi HQ,Driver,SO,False,ONLINE,True,LOW,2024-03-17 20:26:56
M101066,Gilbert Burke,1985-08-08,Gilbert Burke,PASSPORT,36355564,Eldoret,Driver,PK,False,BRANCH,False,LOW,2024-11-14 16:12:30
M101067,Alyssa Walters,1969-12-05,Alyssa Walters,PASSPORT,49320198,Kisumu,Student,UG,False,ONLINE,True,MEDIUM,2023-11-18 06:08:47
M101068,Casey Hall,1961-12-21,Casey Hall,PASSPORT,79969720,Nairobi HQ,Doctor,UG,False,BRANCH,True,LOW,2024-05-21 17:04:38
M101069,Kathleen Bailey,1967-04-07,Kathleen Bailey,PASSPORT,60463918,Nyeri,Teacher,ET,False,ONLINE,True,MEDIUM,2025-03-02 10:44:42
M101070,Jill Miller,2007-04-12,Jill Miller,NATIONAL_ID,58722553,Nairobi HQ,Teacher,UG,True,AGENT,True,LOW,2024-08-26 06:28:06
M101071,Jo Cisneros,1976-04-13,Jo Cisneros,PASSPORT,86640556,Kisumu,Civil Servant,SS,False,AGENT,False,MEDIUM,2025-06-06 10:14:38
M101072,John Holmes,1988-09-23,John Holmes,NATIONAL_ID,56357384,Nyeri,Trader,UG,False,ONLINE,True,MEDIUM,2024-08-28 06:19:42
M101073,Heather Molina,1975-02-17,Heather Molina,PASSPORT,93855051,Thika,Doctor,UG,False,ONLINE,True,MEDIUM,2024-07-02 18:59:15
M101074,Hunter Keith,2002-03-20,Hunter Keith,NATIONAL_ID,52523310,Mombasa,Teacher,YE,False,ONLINE,True,LOW,2024-02-02 13:29:40
M101075,Lori Rivera,1971-03-13,Lori Rivera,NATIONAL_ID,9732538,Eldoret,Teacher,ET,False,ONLINE,True,HIGH,2025-10-19 07:34:47
M101076,Mary Wood,1963-04-01,Mary Wood,NATIONAL_ID,89180179,Eldoret,Trader,YE,False,ONLINE,True,MEDIUM,2024-03-16 16:42:54
M101077,Catherine Wilson,1979-05-25,Catherine Wilson,NATIONAL_ID,46751378,Mombasa,Consultant,TZ,False,AGENT,True,LOW,2024-01-24 13:49:41
M101078,Natasha Sanchez,1974-05-02,Natasha Sanchez,NATIONAL_ID,17940778,Nairobi HQ,Student,SS,False,BRANCH,True,LOW,2023-12-29 02:22:16
M101079,Teresa Lee,1964-06-25,Teresa Lee,PASSPORT,90996179,Nakuru,Farmer,YE,False,AGENT,True,LOW,2024-09-30 06:57:35
M101080,Benjamin Carter,1973-04-28,Benjamin Carter,NATIONAL_ID,56511206,Nairobi HQ,Consultant,PK,False,AGENT,True,LOW,2025-07-27 22:56:51
M101081,Alison Butler,1985-12-22,Alison Butler,PASSPORT,64901996,Nairobi HQ,Student,KE,True,ONLINE,True,LOW,2025-07-25 21:22:48
M101082,Sarah Shelton,1974-08-11,Sarah Shelton,NATIONAL_ID,21082535,Nairobi HQ,Consultant,ET,False,AGENT,True,LOW,2024-02-10 20:00:28
M101083,Daniel Hubbard,1966-06-08,Daniel Hubbard,PASSPORT,551865,Nairobi HQ,Civil Servant,PK,False,ONLINE,True,LOW,2024-03-24 11:23:43
M101084,Lee Walters,1990-02-24,Lee Walters,PASSPORT,83415622,Nyeri,Driver,PK,False,ONLINE,True,LOW,2024-10-13 17:14:31
M101085,Jacob Davenport,1969-05-30,Jacob Davenport,NATIONAL_ID,55805514,Mombasa,Student,PK,False,BRANCH,True,HIGH,2024-02-08 06:07:39
M101086,Juan Smith,1986-08-06,Juan Smith,PASSPORT,38140218,Mombasa,Civil Servant,PK,False,AGENT,True,LOW,2024-06-14 07:34:49
M101087,Andrew Brown,1978-04-15,Andrew Brown,NATIONAL_ID,16766570,Mombasa,Student,SO,False,AGENT,True,MEDIUM,2024-10-25 21:32:36
M101088,Jim Gordon,1955-12-31,Jim Gordon,NATIONAL_ID,71023889,Nairobi HQ,Teacher,UG,False,AGENT,True,MEDIUM,2024-10-05 16:19:48
M101089,Albert Williams,2007-05-31,Albert Williams,NATIONAL_ID,98801862,Thika,Consultant,SO,False,BRANCH,True,HIGH,2025-07-01 02:13:04
M101090,Shawn Flowers,1965-10-06,Shawn Flowers,PASSPORT,36578695,Kisumu,Civil Servant,YE,False,ONLINE,True,LOW,2025-03-25 20:04:05
M101091,Courtney Sanders,1961-04-25,Courtney Sanders,NATIONAL_ID,22459255,Kisumu,Driver,SS,False,BRANCH,True,LOW,2025-09-16 19:54:28
M101092,Breanna Wilcox,2002-12-21,Breanna Wilcox,PASSPORT,38567496,Kisumu,Student,PK,False,AGENT,True,LOW,2024-03-21 09:47:56
M101093,Warren Armstrong,1988-06-06,Warren Armstrong,PASSPORT,95609273,Kisumu,Teacher,KE,False,ONLINE,False,MEDIUM,2024-10-03 20:08:47
M101094,Heather Allison,1995-03-02,Heather Allison,PASSPORT,86230827,Mombasa,Teacher,UG,False,ONLINE,True,MEDIUM,2025-08-06 19:02:28
M101095,Yvette Martin,2005-11-27,Yvette Martin,NATIONAL_ID,91067082,Nakuru,Doctor,ET,False,ONLINE,False,MEDIUM,2025-07-15 19:18:07
M101096,Glenn Donaldson,1986-04-29,Glenn Donaldson,NATIONAL_ID,94355316,Nairobi HQ,Trader,YE,False,ONLINE,True,LOW,2025-05-03 21:50:14
M101097,Kevin Black,1998-11-26,Kevin Black,PASSPORT,81273391,Nairobi HQ,Farmer,ET,False,AGENT,True,LOW,2024-06-10 17:46:56
M101098,David Richards,1996-01-01,David Richards,PASSPORT,19871242,Eldoret,Consultant,TZ,False,AGENT,True,LOW,2024-09-08 21:40:38
M101099,Annette Riley,1958-05-27,Annette Riley,PASSPORT,10734617,Nairobi HQ,Student,YE,False,AGENT,True,LOW,2024-05-02 16:19:50
M101100,Cathy Larson,1978-11-15,Cathy Larson,NATIONAL_ID,22480817,Nairobi HQ,Doctor,YE,True,ONLINE,True,HIGH,2024-03-22 03:17:33
M101101,Angela Davis,2005-04-20,Angela Davis,PASSPORT,95266280,Mombasa,Driver,YE,False,AGENT,True,HIGH,2024-02-05 17:22:24
M101102,Caleb Davis,1993-08-28,Caleb Davis,NATIONAL_ID,40070841,Nyeri,Consultant,YE,False,AGENT,False,LOW,2023-11-27 22:41:24
M101103,Jason King,1977-04-13,Jason King,NATIONAL_ID,10231753,Eldoret,Civil Servant,KE,False,BRANCH,True,LOW,2024-07-22 18:55:20
M101104,Ann Wood,1987-05-16,Ann Wood,PASSPORT,34055973,Nyeri,Consultant,YE,False,BRANCH,False,MEDIUM,2024-07-10 03:51:15
M101105,Richard Brown,1982-06-16,Richard Brown,PASSPORT,50169123,Kisumu,Student,SS,False,AGENT,True,LOW,2024-05-31 23:41:30
M101106,Jeffrey Curtis,2003-09-04,Jeffrey Curtis,NATIONAL_ID,97035287,Nairobi HQ,Driver,YE,False,AGENT,True,MEDIUM,2024-03-03 20:18:05
M101107,Tammy Saunders,1964-12-14,Tammy Saunders,PASSPORT,66979703,Kisumu,Farmer,TZ,False,ONLINE,True,LOW,2024-03-27 10:59:22
M101108,Gordon Doyle,2000-05-22,Gordon Doyle,NATIONAL_ID,77795094,Thika,Student,YE,False,AGENT,True,MEDIUM,2024-10-18 12:58:22
M101109,Samantha Perez,1990-09-26,Samantha Perez,NATIONAL_ID,17213898,Thika,Farmer,PK,False,AGENT,True,LOW,2024-01-02 15:47:20
M101110,Jonathan Watson,1982-06-29,Jonathan Watson,PASSPORT,30728307,Nyeri,Doctor,UG,False,AGENT,True,LOW,2024-06-24 12:25:45
M101111,Mary Jones,1973-03-25,Mary Jones,PASSPORT,75431364,Mombasa,Doctor,KE,False,BRANCH,False,LOW,2024-01-03 03:23:01
M101112,Miranda Morales,1995-04-24,Miranda Morales,NATIONAL_ID,10023891,Nyeri,Civil Servant,TZ,False,ONLINE,True,LOW,2024-02-02 05:16:57
M101113,Matthew Elliott,2006-10-23,Matthew Elliott,NATIONAL_ID,32103723,Thika,Civil Servant,TZ,False,BRANCH,True,LOW,2024-02-21 22:33:05
M101114,Sonia Phillips,1990-09-07,Sonia Phillips,NATIONAL_ID,68626737,Kisumu,Teacher,KE,False,ONLINE,True,LOW,2024-02-24 03:55:20
M101115,Benjamin Howard,1982-02-14,Benjamin Howard,NATIONAL_ID,71463256,Nairobi HQ,Farmer,PK,False,ONLINE,False,LOW,2025-04-02 21:20:16
M101116,Sarah Campbell,1978-11-18,Sarah Campbell,NATIONAL_ID,95266658,Eldoret,Doctor,SS,False,BRANCH,True,LOW,2025-08-13 13:43:37
M101117,Paige Howard,1962-04-06,Paige Howard,NATIONAL_ID,75549839,Nyeri,Doctor,ET,False,AGENT,True,LOW,2024-04-25 06:58:34
M101118,Bradley Ross,1970-08-29,Bradley Ross,PASSPORT,3415464,Kisumu,Farmer,KE,False,AGENT,True,MEDIUM,2025-01-20 10:35:59
M101119,Jared Ashley,1977-12-18,Jared Ashley,PASSPORT,51150667,Eldoret,Teacher,SO,False,AGENT,True,LOW,2025-07-14 18:24:00
M101120,Jill Ramsey,1991-01-11,Jill Ramsey,NATIONAL_ID,10944135,Eldoret,Driver,UG,False,AGENT,True,MEDIUM,2024-06-05 10:01:35
M101121,Stephanie Walter,1974-02-25,Stephanie Walter,PASSPORT,91404565,Kisumu,Doctor,YE,False,ONLINE,True,MEDIUM,2024-04-15 05:16:04
M101122,William Robinson,1994-08-04,William Robinson,NATIONAL_ID,5680670,Eldoret,Consultant,UG,False,ONLINE,True,LOW,2025-04-10 01:34:01
M101123,William Warren,2001-02-22,William Warren,NATIONAL_ID,48381759,Eldoret,Driver,KE,False,AGENT,True,MEDIUM,2024-10-28 03:44:07
M101124,Gregory Jones,1995-05-22,Gregory Jones,PASSPORT,86680850,Kisumu,Trader,KE,False,ONLINE,True,LOW,2025-08-01 07:11:31
M101125,Yvonne Miller,1992-05-06,Yvonne Miller,PASSPORT,11579857,Kisumu,Doctor,KE,False,AGENT,True,LOW,2025-09-08 08:18:15
M101126,David Rivera,1960-11-16,David Rivera,NATIONAL_ID,12112836,Nyeri,Farmer,KE,False,ONLINE,True,LOW,2025-08-20 10:19:30
M101127,Brianna Wright,1972-08-21,Brianna Wright,NATIONAL_ID,96764473,Mombasa,Consultant,UG,False,ONLINE,True,LOW,2025-07-22 19:22:19
M101128,Mary Williams,2005-04-13,Mary Williams,NATIONAL_ID,55971830,Thika,Student,TZ,False,AGENT,True,LOW,2024-09-06 09:34:29
M101129,Christopher Roberts,2004-09-08,Christopher Roberts,PASSPORT,1545256,Thika,Driver,ET,False,BRANCH,True,LOW,2024-11-21 17:24:07
M101130,Sara Miller,1980-03-02,Sara Miller,NATIONAL_ID,74466105,Nakuru,Civil Servant,TZ,True,BRANCH,True,HIGH,2025-09-09 07:16:06
M101131,Sherry Wright,1960-01-19,Sherry Wright,NATIONAL_ID,84934700,Mombasa,Teacher,UG,False,BRANCH,True,LOW,2024-09-10 21:00:27
M101132,Alexander Smith,1990-10-23,Alexander Smith,NATIONAL_ID,61380605,Thika,Driver,TZ,False,BRANCH,False,MEDIUM,2024-03-21 02:50:17
M101133,Madeline Mcgrath,1974-12-27,Madeline Mcgrath,PASSPORT,4687251,Nyeri,Student,ET,False,AGENT,True,LOW,2025-02-16 15:10:34
M101134,Daniel Watkins,1990-06-14,Daniel Watkins,NATIONAL_ID,12980204,Kisumu,Doctor,SO,True,ONLINE,True,MEDIUM,2024-04-19 04:33:46
M101135,Stephanie Anderson,2003-01-09,Stephanie Anderson,PASSPORT,53528232,Kisumu,Farmer,SS,False,ONLINE,True,MEDIUM,2024-07-14 20:54:16
M101136,Sandra Williams,1965-04-23,Sandra Williams,NATIONAL_ID,90183561,Nairobi HQ,Teacher,YE,False,AGENT,True,LOW,2025-04-11 12:51:01
M101137,John Edwards,1982-09-03,John Edwards,NATIONAL_ID,97483532,Nakuru,Doctor,YE,False,ONLINE,True,MEDIUM,2024-10-07 22:27:29
M101138,Erin Greene,1988-12-22,Erin Greene,PASSPORT,84018674,Mombasa,Civil Servant,TZ,False,BRANCH,True,MEDIUM,2025-09-21 21:41:10
M101139,Amanda Shelton,1997-11-13,Amanda Shelton,PASSPORT,21521563,Mombasa,Doctor,ET,False,AGENT,False,LOW,2025-05-06 07:11:50
M101140,Elizabeth Hernandez,1978-07-10,Elizabeth Hernandez,NATIONAL_ID,63122313,Mombasa,Farmer,YE,False,BRANCH,True,MEDIUM,2025-04-06 06:37:01
M101141,April Garza,1978-11-11,April Garza,NATIONAL_ID,5149728,Mombasa,Driver,YE,False,ONLINE,True,MEDIUM,2024-10-07 22:24:37
M101142,John Green,2005-08-02,John Green,NATIONAL_ID,5931671,Eldoret,Student,TZ,False,AGENT,True,MEDIUM,2025-09-13 01:31:30
M101143,Edwin Wood,1999-04-11,Edwin Wood,NATIONAL_ID,49229356,Nakuru,Teacher,YE,False,BRANCH,True,LOW,2025-06-29 07:47:23
M101144,Wayne Jones,1966-07-22,Wayne Jones,PASSPORT,3657252,Nyeri,Farmer,ET,False,BRANCH,True,MEDIUM,2024-12-31 22:40:57
M101145,Lindsay Pearson,1957-09-22,Lindsay Pearson,PASSPORT,56505822,Mombasa,Civil Servant,ET,False,BRANCH,True,MEDIUM,2025-01-26 16:23:30
M101146,Katie Calderon,1961-08-19,Katie Calderon,NATIONAL_ID,28832039,Nairobi HQ,Driver,ET,False,ONLINE,True,LOW,2025-07-30 17:30:07
M101147,Justin Gardner,1968-11-11,Justin Gardner,PASSPORT,29178568,Nyeri,Civil Servant,PK,False,ONLINE,True,LOW,2024-05-05 06:32:22
M101148,David Lambert,1993-04-20,David Lambert,PASSPORT,53030096,Mombasa,Farmer,TZ,False,ONLINE,False,LOW,2024-06-02 03:51:36
M101149,Brian Tucker,2000-03-11,Brian Tucker,PASSPORT,47160906,Nairobi HQ,Teacher,PK,False,BRANCH,True,LOW,2025-07-07 21:08:58
M101150,Virginia Cohen,2001-02-07,Virginia Cohen,PASSPORT,24674710,Thika,Doctor,ET,False,AGENT,True,MEDIUM,2025-10-17 00:20:41
M101151,Christine Martinez,1974-04-29,Christine Martinez,PASSPORT,12768992,Mombasa,Student,ET,False,ONLINE,True,LOW,2025-05-15 10:50:48
M101152,Paul Martinez,1978-07-04,Paul Martinez,NATIONAL_ID,20154111,Mombasa,Civil Servant,YE,False,AGENT,True,MEDIUM,2025-07-15 01:53:18
M101153,Dennis Pineda,1997-07-16,Dennis Pineda,PASSPORT,74649994,Nyeri,Driver,UG,False,BRANCH,False,MEDIUM,2024-04-17 01:12:49
M101154,Jennifer Mejia,1958-01-02,Jennifer Mejia,NATIONAL_ID,14887767,Mombasa,Doctor,PK,False,ONLINE,True,MEDIUM,2024-07-17 03:59:54
M101155,Robyn Gibson,1959-12-23,Robyn Gibson,NATIONAL_ID,50169276,Nakuru,Civil Servant,SO,False,ONLINE,True,MEDIUM,2024-03-11 20:02:29
M101156,Kimberly Hardy,1969-12-25,Kimberly Hardy,NATIONAL_ID,72339926,Mombasa,Student,YE,False,BRANCH,True,MEDIUM,2025-07-15 16:05:14
M101157,Yvette Hawkins,1973-09-07,Yvette Hawkins,NATIONAL_ID,42039386,Thika,Driver,PK,False,BRANCH,True,LOW,2025-03-03 02:12:57
M101158,Kelly Bridges,1970-05-10,Kelly Bridges,PASSPORT,23280646,Thika,Teacher,UG,False,ONLINE,True,LOW,2024-10-31 23:55:33
M101159,Becky Garcia,1982-12-03,Becky Garcia,PASSPORT,6678812,Mombasa,Student,PK,True,AGENT,False,MEDIUM,2024-04-26 02:15:15
M101160,Joseph Salas,1997-12-13,Joseph Salas,PASSPORT,10468517,Mombasa,Trader,SO,False,AGENT,True,LOW,2024-01-20 23:46:12
M101161,Marilyn Frost,1980-01-25,Marilyn Frost,PASSPORT,4815402,Thika,Consultant,PK,False,ONLINE,True,LOW,2025-07-23 11:17:38
M101162,Samantha Mcguire,1958-04-18,Samantha Mcguire,PASSPORT,21164497,Kisumu,Teacher,ET,False,AGENT,True,LOW,2024-12-28 02:42:33
M101163,David Thompson,2007-07-28,David Thompson,NATIONAL_ID,77685345,Eldoret,Teacher,KE,False,AGENT,True,HIGH,2025-03-28 22:38:26
M101164,Darrell Mcmillan,1964-02-21,Darrell Mcmillan,PASSPORT,88093615,Thika,Doctor,SO,False,ONLINE,True,LOW,2024-06-29 08:25:40
M101165,Megan Maldonado,1971-12-27,Megan Maldonado,NATIONAL_ID,50713090,Kisumu,Student,PK,False,ONLINE,True,MEDIUM,2023-12-15 00:48:20
M101166,Andre Brown,1974-08-31,Andre Brown,NATIONAL_ID,45013238,Nairobi HQ,Teacher,ET,False,ONLINE,False,LOW,2025-07-18 19:07:42
M101167,Kaitlyn Rodriguez,1992-04-05,Kaitlyn Rodriguez,PASSPORT,61238136,Eldoret,Student,UG,False,ONLINE,True,MEDIUM,2024-11-30 20:10:22
M101168,Pamela Tyler,1988-09-09,Pamela Tyler,PASSPORT,80519188,Nyeri,Teacher,YE,False,AGENT,True,LOW,2024-12-18 11:45:18
M101169,Antonio King,1994-12-24,Antonio King,NATIONAL_ID,45053996,Kisumu,Teacher,ET,False,ONLINE,True,LOW,2024-01-03 01:53:15
M101170,Karen Young,1996-11-21,Karen Young,PASSPORT,58357006,Nakuru,Teacher,YE,False,ONLINE,True,MEDIUM,2024-09-12 22:06:22
M101171,Melanie Lopez,2004-12-11,Melanie Lopez,PASSPORT,64805266,Eldoret,Student,UG,False,BRANCH,True,MEDIUM,2024-02-24 12:44:39
M101172,Trevor Hansen,1983-04-18,Trevor Hansen,PASSPORT,63698760,Mombasa,Student,SS,False,ONLINE,False,MEDIUM,2024-06-11 04:36:31
M101173,William Fernandez,1988-06-10,William Fernandez,PASSPORT,95390092,Kisumu,Trader,KE,False,ONLINE,True,LOW,2024-10-31 06:09:45
M101174,David Anderson,1997-03-07,David Anderson,PASSPORT,78860703,Mombasa,Farmer,ET,False,AGENT,True,LOW,2023-12-08 18:51:19
M101175,Robert Freeman,1993-04-02,Robert Freeman,PASSPORT,75984305,Mombasa,Civil Servant,SO,False,BRANCH,True,MEDIUM,2023-12-11 13:30:31
M101176,Jodi Collins,2004-07-20,Jodi Collins,NATIONAL_ID,51660881,Nairobi HQ,Student,UG,False,BRANCH,True,LOW,2023-11-24 23:13:51
M101177,Ashley Duncan,1961-02-06,Ashley Duncan,PASSPORT,58036052,Kisumu,Trader,SO,False,ONLINE,True,LOW,2025-03-13 06:00:42
M101178,Brian Walton,1957-10-28,Brian Walton,PASSPORT,61378467,Nyeri,Doctor,KE,False,ONLINE,True,MEDIUM,2024-06-12 11:04:56
M101179,Diane Williams,1964-04-20,Diane Williams,PASSPORT,64845089,Kisumu,Consultant,SS,False,ONLINE,True,LOW,2024-10-09 04:46:35
M101180,Robert Larson,1962-11-11,Robert Larson,PASSPORT,39019018,Nakuru,Teacher,UG,False,ONLINE,True,MEDIUM,2023-11-21 19:47:31
M101181,Christopher Nguyen,1967-11-26,Christopher Nguyen,PASSPORT,13827114,Eldoret,Student,SO,False,ONLINE,True,MEDIUM,2025-05-19 06:55:38
M101182,Jesse Cooper,1968-10-22,Jesse Cooper,NATIONAL_ID,60871023,Nakuru,Consultant,KE,False,ONLINE,True,HIGH,2024-09-30 05:16:40
M101183,Kristie Weber,1998-01-05,Kristie Weber,PASSPORT,38794109,Nyeri,Consultant,PK,False,ONLINE,True,MEDIUM,2024-04-16 04:31:36
M101184,Raven Stone,1988-04-12,Raven Stone,NATIONAL_ID,92354583,Eldoret,Student,SS,False,AGENT,False,LOW,2025-09-24 11:01:46
M101185,John Mcintosh,1987-08-24,John Mcintosh,NATIONAL_ID,57320571,Mombasa,Student,ET,False,BRANCH,False,LOW,2023-12-13 11:49:44
M101186,Dan Hayes,1964-04-05,Dan Hayes,PASSPORT,86668268,Nyeri,Student,SO,False,ONLINE,True,LOW,2023-12-19 17:38:23
M101187,Kevin Everett,1963-10-06,Kevin Everett,NATIONAL_ID,93126469,Mombasa,Trader,KE,False,AGENT,True,LOW,2025-05-22 13:55:38
M101188,Richard Rivera,1972-01-12,Richard Rivera,PASSPORT,19563275,Nakuru,Consultant,PK,False,AGENT,True,LOW,2025-10-06 08:09:33
M101189,Willie Rich,1990-09-12,Willie Rich,NATIONAL_ID,10817384,Eldoret,Consultant,PK,False,ONLINE,False,MEDIUM,2025-09-15 02:03:12
M101190,James Wood,1998-04-12,James Wood,NATIONAL_ID,81157976,Nakuru,Doctor,UG,False,ONLINE,False,LOW,2025-07-12 01:10:19
M101191,Donna Baker,1980-12-10,Donna Baker,PASSPORT,13383090,Eldoret,Consultant,SS,False,AGENT,True,LOW,2023-10-31 07:34:05
M101192,Christina Mcgee,1964-04-24,Christina Mcgee,PASSPORT,58791886,Nyeri,Farmer,SS,False,BRANCH,False,LOW,2025-06-12 06:24:02
M101193,Charles Webster,2000-04-26,Charles Webster,PASSPORT,55169396,Kisumu,Trader,SS,False,BRANCH,True,LOW,2025-06-23 18:24:54
M101194,Angela Chavez,1973-11-24,Angela Chavez,PASSPORT,68860102,Nairobi HQ,Driver,SO,False,BRANCH,True,LOW,2025-07-19 05:30:55
M101195,Brooke Petty,2005-05-30,Brooke Petty,PASSPORT,99470759,Kisumu,Driver,SO,False,AGENT,True,LOW,2024-04-29 16:17:52
M101196,Kimberly Vaughan,1986-10-24,Kimberly Vaughan,PASSPORT,83122358,Nyeri,Driver,SO,False,AGENT,True,LOW,2025-01-21 01:41:36
M101197,Thomas Munoz,1966-04-01,Thomas Munoz,NATIONAL_ID,51140880,Nairobi HQ,Student,TZ,False,AGENT,True,MEDIUM,2024-01-07 04:44:07
M101198,Dennis Orr,1972-09-16,Dennis Orr,NATIONAL_ID,93242009,Nyeri,Consultant,PK,False,ONLINE,True,LOW,2024-06-14 07:30:27
M101199,Jessica Williams,1997-03-12,Jessica Williams,PASSPORT,45160162,Nairobi HQ,Student,UG,False,BRANCH,False,HIGH,2023-12-12 12:52:50
